# Object Export From Tinkercad Server 2015

mtllib obj.mtl

o obj_0
v 102.8812 		72 		148.8685
v 98.7089 		72 		162.9606
v -57.4608 		72 		193.8833
v -3.3314 		72 		30.7474
v 92.736 		72 		173.8314
v -3.2225 		72 		30.0759
v -2.9927 		72 		29.4618
v 113.9284 		72 		154.7887
v -56.3669 		72 		194.4488
v -55.267 		72 		194.9952
v -54.1616 		72 		195.5232
v -53.0516 		72 		196.0346
v -2.6574 		72 		28.9355
v -51.9367 		72 		196.5298
v -50.8179 		72 		197.0102
v -49.6948 		72 		197.4769
v -48.5688 		72 		197.9299
v 95.0776 		72 		193.2978
v 102.7668 		72 		184.0128
v 109.2839 		72 		171.3408
v -2.2312 		72 		28.5271
v -1.7291 		72 		28.2665
v 86.9295 		73 		71.0156
v -47.2255 		72 		192.611
v -1.1663 		72 		28.1839
v -13.5562 		72 		29.8451
v 87.2227 		73 		71.1476
v -52.7032 		72 		191.408
v -37.031 		73 		81.7016
v -37.3474 		73 		80.6783
v -36.8202 		73 		82.7729
v -56.2793 		72 		190.3665
v -15.6811 		73 		81.8553
v 83.3286 		72 		268.9105
v -15.6811 		72 		81.8553
v 31.8238 		72 		174.5127
v 87.4911 		73 		71.3673
v 31.9931 		72 		173.4805
v 31.9931 		73 		173.4805
v 31.8238 		73 		174.5127
v -36.7198 		73 		83.8792
v -57.5589 		72 		189.9219
v 31.6433 		72 		175.5411
v 85.6117 		72 		267.2438
v -16.0063 		73 		81.4265
v 87.764 		72 		265.4792
v -16.0063 		72 		81.4265
v 31.6433 		73 		175.5411
v 87.7218 		73 		71.6748
v -8.6499 		72 		13
v -36.7345 		73 		85.0072
v 31.4521 		72 		176.5639
v 89.7813 		72 		263.6137
v 90.3003 		72 		262.9771
v 90.7034 		72 		262.2357
v 31.4521 		73 		176.5639
v 90.9877 		72 		261.4169
v -16.2237 		73 		80.9262
v 91.1505 		72 		260.5465
v -16.2237 		72 		80.9262
v 91.189 		72 		259.6527
v 91.1008 		72 		258.7615
v 90.8831 		72 		257.9005
v -18.6888 		72 		26.9486
v 90.5334 		72 		257.0965
v -36.8326 		73 		86.4555
v 31.2495 		72 		177.5812
v 31.2495 		73 		177.5812
v -16.3351 		73 		80.3815
v -16.3351 		72 		80.3815
v -17.9707 		72 		27.0381
v 31.0351 		72 		178.5913
v 31.0351 		73 		178.5913
v -36.9702 		73 		87.9782
v -16.3433 		73 		79.8212
v -16.3433 		72 		79.8212
v -17.2663 		72 		27.2092
v 30.4137 		72 		181.2752
v 72.955 		72 		274.6591
v -51.0977 		72 		172.7813
v 75.7277 		72 		273.3535
v 78.383 		72 		271.9624
v -49.5644 		72 		173.2715
v 30.4137 		73 		181.2752
v 80.9181 		72 		270.4822
v -48.0223 		72 		173.713
v -46.4724 		72 		174.1027
v -44.9146 		72 		174.4386
v -16.2501 		73 		79.2727
v -16.2501 		72 		79.2727
v -43.35 		72 		174.7184
v -16.5793 		72 		27.4609
v -41.7782 		72 		174.939
v 29.7002 		72 		183.9204
v -40.1998 		72 		175.0987
v -38.3842 		72 		175.2141
v 29.7002 		73 		183.9204
v -36.5679 		72 		175.2409
v 85.1057 		73 		74.555
v 66 		72 		256.3062
v -16.0583 		73 		78.7643
v -15.9141 		72 		27.7896
v -16.0583 		72 		78.7643
v -59.1794 		72 		195.4022
v -15.2751 		72 		28.1946
v -59.1608 		72 		195.2464
v -15.7697 		73 		78.3235
v 17.0981 		72 		175.3746
v 17.0981 		73 		175.3746
v -15.7697 		72 		78.3235
v -59.0905 		72 		194.8666
v 67.0089 		72 		264.829
v 15.4453 		72 		178.3664
v 15.4453 		73 		178.3664
v -47.6533 		73 		75.4233
v -50.3342 		73 		85.8167
v -36.0514 		72 		30.267
v -15.3869 		72 		77.9791
v -50.8235 		73 		87.4421
v 85.4662 		73 		71.7173
v -15.3869 		73 		77.9791
v 13.6757 		72 		181.1896
v 13.6757 		73 		181.1896
v -58.9594 		72 		194.5306
v -56.5613 		73 		79.6261
v -35.7481 		72 		30.7146
v 12.0735 		72 		183.3877
v 12.0735 		73 		183.3877
v -35.4595 		72 		31.1655
v -58.778 		72 		194.2461
v -21.3961 		73 		68.149
v -24.6384 		73 		70.6098
v -24.6384 		72 		70.6098
v 67.2897 		72 		273.1125
v -21.3961 		72 		68.149
v 10.3647 		72 		185.3955
v 67.342 		72 		273.8045
v 10.3647 		73 		185.3955
v -34.5499 		72 		32.868
v 67.5123 		72 		274.4317
v 67.7839 		72 		274.9772
v 68.1398 		72 		275.4234
v 68.5628 		72 		275.7539
v 69.0367 		72 		275.9519
v 85.4852 		73 		71.6927
v 69.544 		72 		276
v -58.5561 		72 		194.0217
v -25.267 		73 		70.9952
v 70.0686 		72 		275.8812
v -25.267 		72 		70.9952
v 8.5624 		72 		187.2346
v 8.5624 		73 		187.2346
v -28.3328 		72 		29.8876
v -46.9225 		73 		74.1164
v -42.0988 		72 		216.2632
v -42.0988 		73 		216.2632
v -44.1129 		73 		215.6833
v -44.1129 		72 		215.6833
v 85.4973 		73 		71.6769
v -17.6157 		73 		64.7556
v -17.6157 		72 		64.7556
v -46.1168 		73 		215.0539
v -46.1168 		72 		215.0539
v 85.4907 		73 		71.685
v 6.6798 		72 		188.9264
v 85.4947 		73 		71.6799
v -25.919 		73 		71.2579
v 6.6798 		73 		188.9264
v -25.919 		72 		71.2579
v -58.3031 		72 		193.8655
v -28.4835 		72 		29.2732
v 8.9514 		72 		259.5595
v -46.4276 		73 		73.6702
v -26.5862 		73 		71.3988
v 18.0016 		72 		256.999
v -26.5862 		72 		71.3988
v -58.0299 		72 		193.785
v -45.8759 		73 		73.3734
v 85.4983 		73 		71.6752
v -27.2582 		73 		71.4193
v -27.2582 		72 		71.4193
v 60.5147 		72 		232.2239
v -28.5035 		72 		28.6604
v -45.2886 		73 		73.2337
v 85.4989 		73 		71.6748
v 85.7404 		73 		71.3673
v -27.9253 		73 		71.3192
v 62.5618 		72 		239.7119
v -27.9253 		72 		71.3192
v 26.971 		72 		191.5213
v 26.971 		73 		191.5213
v -44.6881 		73 		73.2605
v -28.4051 		72 		28.0758
v 86.0163 		73 		71.1476
v 64.4539 		72 		247.8366
v 25.8538 		72 		193.908
v 25.8538 		73 		193.908
v -44.0962 		73 		73.4624
v -28.5783 		73 		71.1008
v -28.5783 		72 		71.1008
v -28.2021 		72 		27.5448
v 24.6268 		72 		196.2041
v 24.6268 		73 		196.2041
v -43.5344 		73 		73.8469
v 86.3144 		73 		71.0156
v 23.2871 		72 		198.3988
v -29.2078 		73 		70.7648
v -59.03 		72 		196.3114
v -29.2078 		72 		70.7648
v 23.2871 		73 		198.3988
v -27.907 		72 		27.0938
v 86.6226 		73 		70.9717
v -59.0758 		72 		196.1977
v -29.804 		73 		70.3117
v -29.804 		72 		70.3117
v -27.5327 		72 		26.7489
v 49.0478 		73 		162.7456
v 49.0478 		72 		162.7456
v -59.1147 		72 		196.0793
v -27.0928 		72 		26.5356
v 73.9875 		73 		65.3611
v -59.1461 		72 		195.9558
v 48.129 		73 		162.8844
v 48.129 		72 		162.8844
v -34.8058 		73 		65.9666
v -34.8058 		72 		65.9666
v -26.6002 		72 		26.4798
v 71.9787 		72 		205.7497
v 78.9831 		72 		203.6738
v 47.2188 		73 		162.8576
v 47.2188 		72 		162.8576
v -47.3382 		73 		74.7036
v -59.1689 		72 		195.8268
v 53.7881 		72 		216.5447
v 46.3291 		73 		162.6706
v 46.3291 		72 		162.6706
v -59.1827 		72 		195.6922
v -35.1124 		73 		65.6196
v 69.5126 		73 		42.4536
v -56.8705 		73 		64.2804
v -35.1124 		72 		65.6196
v 69.4175 		73 		41.869
v 53.9267 		72 		216.2632
v 69.4607 		73 		41.3141
v 45.4724 		73 		162.3304
v 71.1407 		73 		48.508
v -25.8932 		72 		14.1536
v 45.4724 		72 		162.3304
v -59.1863 		72 		195.5509
v -55.6955 		73 		65.115
v 54.1114 		72 		216.0588
v -35.3232 		73 		65.2019
v -36.714 		72 		29.4405
v -35.3232 		72 		65.2019
v 69.6218 		73 		40.8155
v 69.8807 		73 		40.3982
v 44.6599 		73 		161.842
v 70.2157 		73 		40.089
v 44.6599 		72 		161.842
v 72.7906 		73 		56.3627
v -36.3727 		72 		29.8374
v 54.3278 		72 		215.9324
v -35.4396 		73 		64.7394
v 54.5605 		72 		215.8843
v 70.6069 		73 		39.9136
v -35.4396 		72 		64.7394
v -55.4291 		73 		65.3437
v 71.0331 		73 		39.8983
v 71.4744 		73 		40.0682
v 76.6363 		73 		43.6583
v 83.3182 		73 		49.2608
v 90.8178 		73 		57.0321
v 54.7948 		72 		215.9166
v -55.1944 		73 		65.6128
v -35.4634 		73 		64.2574
v -35.4634 		72 		64.2574
v -54.9928 		73 		65.9177
v -35.3971 		73 		63.7817
v -35.3971 		72 		63.7817
v 22.9226 		73 		81.0526
v 43.9035 		73 		161.2122
v -59.2588 		72 		189.709
v 43.9035 		72 		161.2122
v -54.8251 		73 		66.2545
v 55.0155 		72 		216.0295
v -35.2425 		73 		63.3372
v 21.4119 		73 		72.0205
v -35.2425 		72 		63.3372
v -38.8777 		72 		28.4492
v 43.2155 		73 		160.4462
v 43.2155 		72 		160.4462
v -54.6927 		73 		66.619
v 55.208 		72 		216.2245
v -59.7985 		72 		189.5906
v -35.0009 		73 		62.9493
v -38.6989 		72 		28.4475
v 21.3181 		73 		64.0747
v -35.0009 		72 		62.9493
v 42.6076 		73 		159.5507
v 42.6076 		72 		159.5507
v -54.5966 		73 		67.0078
v -60.3097 		72 		189.3688
v 55.3574 		72 		216.5021
v -34.6747 		72 		62.6444
v 7.4711 		73 		79.0244
v -38.5188 		72 		28.4577
v -34.6747 		73 		62.6444
v -54.5384 		73 		67.4166
v 6.8432 		73 		79.7679
v -60.7846 		72 		189.0524
v 56.7216 		72 		220.3268
v -38.3364 		72 		28.482
v 31.8849 		72 		166.3663
v -54.5185 		73 		67.8411
v 31.8849 		73 		166.3663
v -61.2163 		72 		188.6496
v 58.5043 		72 		225.6649
v -37.887 		72 		28.5974
v -9.3435 		72 		36.9465
v 32.0669 		72 		166.825
v -55.1111 		73 		74.2318
v -9.3435 		73 		36.9465
v -61.5974 		72 		188.1688
v -37.4683 		72 		28.8056
v -7.7991 		72 		43.6544
v 59.0842 		72 		214.2666
v -47.2484 		73 		214.6136
v -47.2484 		72 		214.6136
v 9.6502 		73 		73.2499
v 9.7201 		73 		72.1432
v 10.2356 		73 		64.4022
v -37.0784 		72 		29.0914
v -61.9207 		72 		187.6187
v -7.7991 		73 		43.6544
v 9.4913 		73 		74.3289
v 65.2302 		72 		209.9849
v -8.3884 		72 		49.8791
v -62.1789 		72 		187.0076
v -8.3884 		73 		49.8791
v -40.0174 		72 		200.6769
v 9.2465 		73 		75.3717
v -40.0174 		73 		200.6769
v 64.9982 		72 		209.405
v -78.9392 		73 		76.3601
v 8.919 		73 		76.3707
v 64.907 		72 		208.8028
v -39.7746 		72 		28.5672
v -39.5922 		72 		28.5357
v 8.5121 		73 		77.3182
v -78.8013 		73 		76.2724
v 64.9436 		72 		208.2088
v -48.3332 		73 		214.0328
v -74.9751 		72 		188.3166
v -48.3332 		72 		214.0328
v -10.5773 		72 		55.5306
v 8.0284 		73 		78.2052
v -40.1374 		72 		28.617
v -39.9573 		72 		28.5953
v 65.0952 		72 		207.6527
v -78.6587 		73 		76.2
v -62.3646 		72 		186.3438
v -39.4121 		72 		28.5059
v -49.3654 		73 		213.3183
v -49.3654 		72 		213.3183
v -10.5773 		73 		55.5306
v -41.0307 		72 		28.6809
v 65.3498 		72 		207.1647
v -78.512 		73 		76.1425
v -50.3381 		73 		212.4768
v -50.3381 		72 		212.4768
v 65.6943 		72 		206.7742
v -78.3629 		73 		76.0995
v -51.2451 		73 		211.5153
v -51.2451 		72 		211.5153
v -13.8311 		72 		60.5195
v -42.3309 		72 		165.9175
v -13.8311 		73 		60.5195
v -40.8506 		72 		28.6689
v -52.0795 		73 		210.4414
v -52.0795 		72 		210.4414
v -78.2123 		73 		76.0701
v -0.4979 		72 		41.774
v 66.1166 		72 		206.5115
v -0.4979 		73 		41.774
v -47.754 		72 		166.3421
v 22.5023 		73 		58.2993
v -52.8349 		73 		209.2615
v -52.8349 		72 		209.2615
v 66.6033 		72 		206.4068
v -40.6718 		72 		28.6583
v -40.494 		72 		28.6472
v 24.1679 		73 		54.1952
v -40.3162 		72 		28.634
v -52.4999 		72 		166.2386
v -39.2333 		72 		28.4803
v -53.5053 		73 		207.9827
v -53.5053 		72 		207.9827
v 25.8966 		73 		50.2875
v -78.0609 		73 		76.0548
v -56.5868 		72 		165.7276
v -41.6422 		72 		28.743
v -41.2131 		72 		28.6949
v 0.115 		72 		50.2087
v 27.9725 		73 		46.5811
v 0.115 		73 		50.2087
v -77.9106 		73 		76.0522
v 33.9806 		72 		232.2686
v -62.3319 		72 		218.5895
v -62.3319 		73 		218.5895
v -0.8751 		72 		57.4894
v -0.8751 		73 		57.4894
v 30.6795 		73 		43.0817
v -69.2696 		72 		205.2042
v -69.2696 		73 		205.2042
v -39.0555 		72 		28.4607
v 26.0169 		72 		238.8249
v 48.7932 		72 		228.5669
v -73.4193 		73 		75.9905
v -77.7622 		73 		76.062
v -56.9977 		72 		170.4581
v -56.1286 		72 		170.8443
v -55.2565 		72 		171.2165
v 15.2776 		72 		243.1675
v -54.3816 		72 		171.5741
v -34.8166 		72 		48.9167
v -58.6728 		73 		84.1049
v -53.5036 		72 		171.9174
v 42.4467 		72 		238.5503
v -52.6224 		72 		172.2444
v -34.8166 		73 		48.9167
v -61.249 		73 		87.7495
v 11.459 		73 		57.4881
v 4.7298 		72 		190.4925
v -35.9187 		72 		50.9594
v 34.301 		73 		39.794
v 4.7298 		73 		190.4925
v -35.9187 		73 		50.9594
v -46.9526 		72 		29.3677
v 26.7811 		72 		252.6931
v 35.0194 		72 		246.5677
v 13.237 		73 		51.3776
v 2.7252 		72 		191.9539
v 39.1214 		73 		36.7229
v -57.5324 		72 		146.5861
v -53.1291 		72 		147.1235
v -48.3276 		72 		147.1375
v 2.7252 		73 		191.9539
v -43.2062 		72 		146.463
v -37.8445 		72 		144.9339
v -46.4927 		72 		29.3021
v -26.2233 		72 		50.1831
v 15.4165 		73 		46.0476
v -26.2233 		73 		50.1831
v 45.4244 		73 		33.8738
v 31.2371 		72 		201.3165
v 0.6791 		72 		193.3328
v -46.0331 		72 		29.24
v 0.6791 		73 		193.3328
v -27.7948 		72 		54.6986
v -27.7948 		73 		54.6986
v 44.4481 		72 		205.811
v 17.8443 		73 		41.4742
v 20.3673 		73 		37.6342
v 22.8318 		73 		34.504
v -65.1153 		73 		63.0038
v -30.5394 		72 		58.9167
v -65.5716 		73 		65.8406
v -30.5394 		73 		58.9167
v -64.9111 		73 		60.9134
v 42.8733 		72 		215.1122
v -1.3951 		72 		194.6503
v -1.3951 		73 		194.6503
v 39.492 		72 		224.1482
v -66.4551 		73 		68.9912
v -67.9407 		73 		72.0218
v -33.8903 		72 		46.6705
v -33.3409 		72 		44.7028
v -33.3409 		73 		44.7028
v -2.8983 		72 		195.5543
v -33.8903 		73 		46.6705
v -2.8983 		73 		195.5543
v -62.8248 		72 		167.4858
v -62.3672 		72 		167.7464
v -61.907 		72 		168.0015
v -61.4451 		72 		168.251
v 50.8001 		73 		24.725
v -60.9817 		72 		168.4967
v -45.5723 		72 		29.1821
v -60.5169 		72 		168.7395
v 52.7017 		73 		26.5432
v -62.4973 		73 		60.9019
v -4.4165 		72 		196.4119
v -60.0514 		72 		168.9805
v 54.1477 		73 		28.1414
v -4.4165 		73 		196.4119
v 54.4 		73 		28.5438
v 54.5468 		73 		28.9985
v 54.5932 		73 		29.4772
v 54.5442 		73 		29.9515
v 54.4049 		73 		30.3944
v 54.18 		73 		30.7768
v -33.8351 		72 		34.6964
v 53.8748 		73 		31.0719
v -59.5857 		72 		169.2202
v 53.494 		73 		31.2507
v -58.7261 		72 		169.6456
v -61.1591 		73 		61.6326
v 28.485 		73 		14.9788
v -59.706 		73 		62.4792
v 33.6211 		73 		15.948
v -33.8351 		73 		34.6964
v 38.1585 		73 		17.317
v 42.1215 		73 		18.9828
v -58.242 		73 		63.3815
v 45.5335 		73 		20.8415
v 48.4183 		73 		22.7896
v -57.8632 		72 		170.0582
v -5.9491 		72 		197.2205
v -33.3196 		72 		36.622
v -5.9491 		73 		197.2205
v -66.1894 		72 		168.9647
v 21.6995 		72 		200.659
v -33.3196 		73 		36.622
v 20.0081 		72 		202.7506
v 24.1696 		73 		28.5246
v -44.6456 		72 		29.0782
v 18.2225 		72 		204.686
v -33.0075 		72 		38.6144
v -33.0075 		73 		38.6144
v -44.2168 		72 		29.0305
v -32.9042 		72 		40.6452
v 16.3523 		72 		206.4762
v -43.7877 		72 		28.9823
v -32.9042 		73 		40.6452
v 14.4072 		72 		208.1322
v -7.4961 		72 		197.978
v -33.0137 		72 		42.6844
v -7.4961 		73 		197.978
v 32.0669 		73 		166.825
v 24.669 		73 		28.6417
v -33.0137 		73 		42.6844
v 12.3961 		72 		209.666
v -71.9047 		73 		61.6079
v 32.2199 		72 		167.3036
v -9.0568 		72 		198.6815
v -43.3585 		72 		28.9347
v -9.0568 		73 		198.6815
v -42.9294 		72 		28.8865
v 32.2199 		73 		167.3036
v 10.3294 		72 		211.0891
v -72.6261 		73 		63.4321
v 6.566 		73 		13.0907
v 25.0805 		73 		28.9334
v -27.3085 		72 		33.0004
v -27.3085 		73 		33.0004
v 32.3425 		72 		167.798
v -73.5811 		73 		64.9851
v -10.6309 		72 		199.3283
v -10.6309 		73 		199.3283
v 8.2163 		72 		212.413
v 25.3933 		73 		29.3588
v 19.1465 		73 		13.9193
v -42.5005 		72 		28.8389
v -42.0714 		72 		28.7907
v 32.3425 		73 		167.798
v 25.5959 		73 		29.877
v -45.1101 		72 		29.1284
v -26.3678 		72 		36.7791
v -26.3678 		73 		36.7791
v -74.7016 		73 		66.2864
v 32.4324 		72 		168.3043
v -64.7823 		72 		166.5695
v 25.6777 		73 		30.4472
v 32.4324 		73 		168.3043
v 9.7365 		72 		225.9809
v 16.4526 		72 		221.336
v 22.2523 		72 		215.3409
v -25.7278 		72 		41.031
v 27.1691 		72 		208.4992
v -25.7278 		73 		41.031
v -75.9184 		73 		67.3557
v 32.4889 		72 		168.8187
v 25.627 		73 		31.0284
v 32.4889 		73 		168.8187
v -25.6072 		72 		45.563
v -25.6072 		73 		45.563
v -77.1631 		73 		68.2137
v 25.4332 		73 		31.5799
v 32.5101 		72 		169.3373
v 71.3397 		72 		191.3357
v 32.5101 		73 		169.3373
v -78.3672 		73 		68.8801
v 25.0851 		73 		32.0602
v 85.6947 		72 		181.9024
v 32.4945 		72 		169.856
v 32.4945 		73 		169.856
v -44.5571 		72 		17.0585
v -39.5785 		72 		77.3399
v 78.3186 		72 		187.5965
v -39.5785 		73 		77.3399
v 32.4405 		72 		170.3703
v -70.2038 		73 		74.4992
v -52.3881 		72 		30.9526
v 32.4405 		73 		170.3703
v -0.0998 		73 		260.4477
v -8.8813 		73 		259.7375
v -17.0401 		73 		258.032
v -38.8852 		72 		78.0344
v -38.8852 		73 		78.0344
v -52.0341 		72 		30.5651
v 32.3013 		72 		171.4085
v -38.2792 		72 		78.8315
v 32.3013 		73 		171.4085
v -38.2792 		73 		78.8315
v -51.6187 		72 		30.2756
v -37.1457 		73 		52.7985
v 2.0702 		73 		228.77
v -5.2255 		73 		229.9317
v -11.9419 		73 		230.3737
v 86.9161 		72 		199.6873
v -37.7651 		72 		79.7173
v -51.1513 		72 		30.1006
v -38.4466 		73 		54.4337
v -37.7651 		73 		79.7173
v 3.96 		73 		245.056
v 65.4917 		72 		193.5427
v -64.3914 		72 		166.6644
v -50.8068 		72 		30.0226
v -37.3474 		72 		80.6783
v -5.9739 		73 		245.0168
v -39.7707 		73 		55.8653
v 64.3301 		72 		193.8093
v 36.2003 		73 		148.6462
v -37.031 		72 		81.7016
v 36.2003 		72 		148.6462
v -14.5744 		73 		243.4558
v 63.0449 		72 		193.9272
v -41.0666 		73 		57.0934
v -50.4593 		72 		29.949
v -36.8202 		72 		82.7729
v 35.8692 		73 		147.9113
v 61.7002 		72 		193.8795
v 35.8692 		72 		147.9113
v -64.211 		72 		166.7581
v -64.0384 		72 		166.8467
v -42.2835 		73 		58.1179
v -63.8759 		72 		166.9293
v -63.7253 		72 		167.0051
v -63.5886 		72 		167.0728
v -63.4674 		72 		167.1315
v 60.3592 		72 		193.6491
v -63.3638 		72 		167.1805
v 35.7025 		73 		147.1354
v -63.2798 		72 		167.218
v -50.1096 		72 		29.8791
v -43.3709 		73 		58.9385
v 35.7025 		72 		147.1354
v 59.0857 		72 		193.2191
v -36.7198 		72 		83.8792
v 35.6911 		73 		146.3536
v -43.8233 		73 		59.2178
v 35.6911 		72 		146.3536
v 57.9431 		72 		192.5722
v -18.0517 		73 		230.2268
v -65.5063 		72 		166.8045
v -23.5272 		73 		229.6217
v -28.3404 		73 		228.6891
v -36.7345 		72 		85.0072
v -48.34 		72 		29.5896
v 35.8241 		73 		145.6007
v 56.9952 		72 		191.6921
v -44.2943 		73 		59.4171
v 35.8241 		72 		145.6007
v -21.8926 		73 		240.7765
v -36.8326 		72 		86.4555
v -47.8756 		72 		29.5116
v -27.9785 		73 		237.3848
v 56.3056 		72 		190.5611
v -44.7777 		73 		59.535
v -12.2181 		72 		199.9164
v 36.0921 		73 		144.9113
v -12.2181 		73 		199.9164
v 36.0921 		72 		144.9113
v -49.7579 		72 		29.8131
v -36.9702 		72 		87.9782
v -32.8829 		73 		233.6849
v -45.267 		73 		59.5721
v -49.4046 		72 		29.7514
v -45.7563 		73 		59.5269
v -49.0503 		72 		29.6935
v -24.2207 		73 		255.7999
v -50.3342 		72 		85.8167
v 50.5517 		72 		177.1856
v -30.7009 		73 		252.8128
v -47.6533 		72 		75.4233
v -48.6953 		72 		29.6394
v -46.2394 		73 		59.3996
v 23.5087 		72 		158.7143
v 23.5087 		73 		158.7143
v -50.8235 		72 		87.4421
v 50.3565 		72 		176.5635
v -14.1893 		73 		190.2928
v -14.1893 		72 		190.2928
v -13.8177 		73 		200.4431
v -46.7104 		73 		59.1893
v -47.4134 		72 		29.4376
v 22.484 		72 		162.195
v 22.484 		73 		162.195
v 50.3013 		72 		175.9303
v 3.6165 		73 		214.8768
v 21.3276 		72 		165.625
v 21.3276 		73 		165.625
v 50.3735 		72 		175.3154
v -1.0365 		73 		216.7964
v -47.1631 		73 		58.8959
v 20.0424 		72 		168.9805
v -56.5613 		72 		79.6261
v 20.0424 		73 		168.9805
v 6.2258 		72 		175.3333
v 50.5598 		72 		174.7469
v 6.2258 		73 		175.3333
v -5.7399 		73 		218.2067
v -55.2706 		73 		52.8897
v 18.6317 		72 		172.2384
v 18.6317 		73 		172.2384
v 50.8475 		72 		174.2547
v -10.4914 		73 		219.1431
v -52.9902 		72 		32.5324
v -55.5582 		73 		52.6112
v 51.223 		72 		173.8672
v 1.1795 		73 		180.8639
v -52.8754 		72 		31.9533
v 1.1795 		72 		180.8639
v -46.9225 		72 		74.1164
v -55.7824 		73 		52.2663
v 51.6734 		72 		173.6134
v -52.6715 		72 		31.421
v 13.1076 		72 		163.3899
v -46.4276 		72 		73.6702
v -5.1218 		73 		185.7476
v -5.1218 		72 		185.7476
v -55.9406 		73 		51.8719
v 52.1862 		72 		173.5223
v 13.1076 		73 		163.3899
v -45.8759 		72 		73.3734
v -45.2886 		72 		73.2337
v 10.1555 		72 		169.4208
v 10.1555 		73 		169.4208
v -23.4154 		72 		172.6685
v -23.4154 		73 		172.6685
v -15.2889 		73 		219.64
v 74.836 		72 		147.2712
v -44.6881 		72 		73.2605
v -20.1302 		73 		219.7328
v 69.1492 		72 		152.6183
v -25.7828 		72 		173.4797
v -25.7828 		73 		173.4797
v -44.0962 		72 		73.4624
v -25.013 		73 		219.456
v 63.4113 		72 		156.6598
v 24.3987 		73 		155.206
v 24.3987 		72 		155.206
v -27.5553 		72 		174.0073
v -56.0305 		73 		51.4466
v -27.5553 		73 		174.0073
v -43.5344 		72 		73.8469
v -63.5089 		72 		32.7841
v -29.9347 		73 		218.845
v 57.9385 		72 		159.5749
v -56.0501 		73 		51.0075
v -29.3412 		72 		174.4395
v 24.5693 		73 		154.7333
v -62.7398 		72 		32.6397
v -29.3412 		73 		174.4395
v -31.9602 		73 		218.509
v 24.5693 		72 		154.7333
v -55.9969 		73 		50.5715
v 87.7751 		72 		148.2894
v 53.0455 		72 		161.5435
v -33.9893 		73 		218.1385
v -61.9907 		72 		32.7057
v -31.1376 		72 		174.778
v -31.1376 		73 		174.778
v -47.3382 		72 		74.7036
v 24.821 		73 		154.3735
v 24.821 		72 		154.3735
v -55.8684 		73 		50.1567
v -36.0201 		73 		217.7315
v -64.0345 		72 		22.2212
v -32.9421 		72 		175.0241
v 63.8241 		72 		171.463
v 25.1302 		72 		154.1299
v -55.6628 		73 		49.7803
v 73.5221 		72 		166.0074
v 81.4495 		72 		158.0015
v 25.1302 		73 		154.1299
v -32.9421 		73 		175.0241
v -56.8705 		72 		64.2804
v -54.3286 		73 		47.5422
v -34.7532 		72 		175.1779
v -34.7532 		73 		175.1779
v -88.6699 		72 		97.1904
v -52.9166 		73 		33.7639
v 25.4734 		72 		154.0082
v -52.6309 		73 		35.2611
v -87.5615 		72 		111.9413
v -55.6955 		72 		65.115
v -32.4642 		73 		227.5598
v -52.4218 		73 		36.9793
v -85.7419 		72 		129.7393
v -35.8707 		73 		226.3646
v 25.4734 		73 		154.0082
v 28.8909 		72 		186.5171
v 15.222 		72 		157.5046
v -55.4291 		72 		65.3437
v 15.222 		73 		157.5046
v -53.0072 		73 		33.1418
v 27.9823 		72 		189.0541
v -23.3278 		73 		192.8154
v -23.3278 		72 		192.8154
v -52.3404 		73 		38.8801
v -52.4384 		73 		40.9254
v -52.7682 		73 		43.0766
v -89.9439 		72 		78.8997
v -55.1944 		72 		65.6128
v -32.1433 		73 		193.7509
v -32.1433 		72 		193.7509
v -89.1716 		72 		86.7965
v -18.1629 		73 		201.5426
v 25.8274 		72 		154.0116
v -22.5345 		73 		202.1771
v -26.9192 		73 		202.3772
v -31.3036 		73 		202.1737
v 34.4899 		72 		194.2968
v 36.9612 		72 		187.9448
v -53.3811 		73 		45.2947
v -35.6739 		73 		201.5967
v 25.8274 		73 		154.0116
v -54.9928 		72 		65.9177
v -79.2265 		72 		76.6002
v 16.637 		72 		152.0294
v -36.6564 		73 		230.082
v -3.6631 		72 		158.5074
v -3.6631 		73 		158.5074
v 16.637 		73 		152.0294
v -65.1598 		72 		166.6227
v -54.8251 		72 		66.2545
v -79.8871 		72 		79.3847
v -64.7836 		73 		60.0034
v -36.7591 		73 		248.8432
v -54.6927 		72 		66.619
v -42.6728 		73 		243.664
v -48.7208 		73 		237.0467
v -55.1814 		73 		228.7645
v -64.4133 		73 		60.0273
v -4.5606 		72 		159.8266
v -79.9645 		72 		78.935
v -4.5606 		73 		159.8266
v 26.1686 		72 		154.1457
v -54.5966 		72 		67.0078
v -63.6164 		73 		60.3466
v 26.1686 		73 		154.1457
v -79.9779 		72 		78.4866
v -5.5095 		72 		161.0751
v -5.5095 		73 		161.0751
v -66.1462 		73 		47.1334
v 17.4917 		72 		147.2278
v -54.5384 		72 		67.4166
v 17.4917 		73 		147.2278
v -38.5326 		73 		225.2344
v -79.9318 		72 		78.0497
v -38.8277 		73 		225.1799
v -66.2489 		72 		168.4307
v -6.5126 		72 		162.2376
v -6.5126 		73 		162.2376
v -79.8299 		72 		77.6329
v -54.5185 		72 		67.8411
v -66.1936 		72 		167.9283
v -7.5736 		72 		163.2992
v -79.6759 		72 		77.2462
v -7.5736 		73 		163.2992
v 26.4739 		72 		154.4144
v -66.04 		72 		167.4769
v 26.4739 		73 		154.4144
v -39.3497 		73 		226.9807
v -55.1111 		72 		74.2318
v -79.4733 		72 		76.8987
v -65.8053 		72 		167.0958
v -9.6193 		72 		165.0612
v -9.6193 		73 		165.0612
v -39.5265 		73 		226.6716
v -73.3357 		73 		53.8512
v 26.7197 		72 		154.8228
v -39.5991 		73 		226.3365
v -11.7703 		72 		166.6751
v -79.182 		72 		74.7334
v -11.7703 		73 		166.6751
v 26.7197 		73 		154.8228
v -73.1487 		73 		54.0432
v -39.5795 		73 		226.0013
v -73.4193 		72 		75.9905
v -14.0076 		72 		168.1454
v -14.0076 		73 		168.1454
v -72.9679 		73 		54.248
v -60.0331 		72 		164.9301
v -39.4804 		73 		225.6922
v 116 		72 		133.8651
v 116 		73 		133.8651
v -72.7931 		73 		54.4656
v -62.8575 		72 		163.9668
v -78.9392 		72 		76.3601
v -93.8201 		72 		63.318
v -39.3141 		73 		225.435
v 2.7948 		72 		145.2626
v -91.5942 		72 		70.9611
v -65.0781 		72 		162.9585
v 2.7948 		73 		145.2626
v -72.4378 		73 		54.9856
v 98.8308 		72 		117.3709
v -78.8013 		72 		76.2724
v 98.8308 		73 		117.3709
v -39.0925 		73 		225.2557
v 1.7499 		72 		147.838
v -79.4621 		72 		69.3745
v 1.7499 		73 		147.838
v -65.8001 		72 		162.5169
v -72.1335 		73 		55.5506
v 96.2968 		72 		127.129
v -38.0501 		73 		217.2848
v 96.2968 		73 		127.129
v -78.6587 		72 		76.2
v 0.6477 		72 		150.3597
v -79.8822 		72 		69.4992
v 0.6477 		73 		150.3597
v -66.4669 		72 		161.9651
v -40.0773 		73 		216.7964
v -71.8821 		73 		56.1536
v 92.6677 		72 		137.7171
v 92.6677 		73 		137.7171
v -0.5123 		72 		152.8205
v -80.3028 		72 		69.5256
v -0.5123 		73 		152.8205
v -78.512 		72 		76.1425
v -67.0715 		72 		161.3118
v -71.6857 		73 		56.7872
v -80.7159 		72 		69.4592
v -67.6073 		72 		160.5679
v -1.2408 		72 		154.2739
v -81.1131 		72 		69.3051
v -81.4857 		72 		69.0696
v -1.2408 		73 		154.2739
v -81.8253 		72 		68.7575
v -68.0684 		72 		159.7418
v -2.0063 		72 		155.7157
v -82.1234 		72 		68.3747
v -2.0063 		73 		155.7157
v -68.4476 		72 		158.8434
v 104.5194 		72 		131.1322
v -2.8126 		72 		157.132
v -78.3629 		72 		76.0995
v -2.8126 		73 		157.132
v 104.5194 		73 		131.1322
v -71.5458 		73 		57.4451
v -82.3718 		72 		67.9263
v -78.2123 		72 		76.0701
v -71.4644 		73 		58.1196
v 111.1989 		72 		94.9135
v 111.1989 		73 		94.9135
v -71.4438 		73 		58.8043
v -7.8024 		72 		145.1375
v 114.9462 		72 		112.916
v 114.9462 		73 		112.916
v -98.7885 		72 		50.2683
v -96.3188 		72 		56.3082
v -7.8024 		73 		145.1375
v -77.7622 		72 		76.062
v -64.828 		72 		144.6043
v -71.4853 		73 		59.492
v 93.8395 		72 		92.2752
v -61.4582 		72 		145.691
v -11.6451 		72 		150.6816
v 93.8395 		73 		92.2752
v -78.0609 		72 		76.0548
v -11.6451 		73 		150.6816
v -68.7388 		72 		157.8819
v 93.1374 		72 		99.8343
v 93.1374 		73 		99.8343
v -77.9106 		72 		76.0522
v -68.9356 		72 		156.8671
v -83.7168 		72 		47.0972
v -83.758 		72 		47.4076
v -83.7406 		72 		47.7193
v -83.6668 		72 		48.0174
v -83.538 		72 		48.2861
v -83.3563 		72 		48.5097
v -70.4067 		72 		146.8143
v -83.1235 		72 		48.6728
v -16.3106 		72 		169.4757
v -16.3106 		73 		169.4757
v -70.4427 		72 		146.0342
v -70.9019 		73 		47.0376
v -58.6728 		72 		84.1049
v -18.6594 		72 		170.6705
v -18.6594 		73 		170.6705
v -70.3208 		72 		145.3069
v -68.6198 		73 		47.2318
v 100.4389 		73 		109.2871
v 100.4389 		72 		109.2871
v -21.0343 		72 		171.7334
v -70.0642 		72 		144.6588
v -21.0343 		73 		171.7334
v -61.249 		72 		87.7495
v -74.3623 		73 		53.1026
v 100.6181 		73 		108.7161
v 100.6181 		72 		108.7161
v -74.1446 		73 		53.2222
v 100.9093 		73 		108.3116
v 100.9093 		72 		108.3116
v -16.4515 		73 		155.7127
v -16.4515 		72 		155.7127
v -83.1072 		72 		149.2743
v -79.553 		72 		169.2368
v -73.9331 		73 		53.3576
v 101.275 		72 		108.0727
v -2.5861 		72 		133.7395
v -22.3276 		73 		159.9215
v 101.275 		73 		108.0727
v -22.3276 		72 		159.9215
v -65.1153 		72 		63.0038
v -73.7279 		73 		53.508
v -64.9111 		72 		60.9134
v -82.764 		72 		46.2021
v -82.8604 		72 		46.2081
v -4.8182 		72 		139.3872
v -82.9539 		72 		46.2256
v 101.677 		72 		107.9986
v -29.3788 		73 		163.0011
v -83.0444 		72 		46.2537
v -83.1317 		72 		46.2924
v -29.3788 		72 		163.0011
v -83.216 		72 		46.3414
v -83.2974 		72 		46.3997
v 101.677 		73 		107.9986
v -83.3755 		72 		46.467
v -73.5288 		73 		53.6723
v -65.5716 		72 		65.8406
v -83.4504 		72 		46.5428
v -83.6148 		72 		46.8038
v -36.2119 		73 		164.8445
v -36.2119 		72 		164.8445
v 102.0774 		72 		108.0884
v 102.0774 		73 		108.0884
v 102.4386 		72 		108.341
v 3.7826 		72 		142.64
v 4.7134 		72 		139.9778
v 5.5881 		72 		137.2823
v 102.4386 		73 		108.341
v -92.6369 		72 		45.9041
v 6.4068 		72 		134.5609
v -44.3201 		72 		199.4446
v -44.3201 		73 		199.4446
v 102.7223 		72 		108.7549
v -92.8356 		72 		45.3428
v 102.7223 		73 		108.7549
v -66.4551 		72 		68.9912
v -14.4404 		72 		122.2308
v -92.9219 		72 		44.7603
v 102.8907 		72 		109.3297
v -12.7551 		72 		118.0706
v -40.2407 		73 		193.5376
v 102.8907 		73 		109.3297
v -40.2407 		72 		193.5376
v -67.9407 		72 		72.0218
v -92.9023 		72 		44.1803
v -61.2814 		73 		32.9655
v -92.7839 		72 		43.6251
v -92.5734 		72 		43.1175
v -62.4973 		72 		60.9019
v -61.1591 		72 		61.6326
v -60.6319 		73 		33.4019
v -92.2783 		72 		42.681
v -0.4662 		72 		117.3501
v -48.5688 		73 		197.9299
v -59.706 		72 		62.4792
v -60.0622 		73 		33.9981
v -0.0792 		72 		118.5998
v 98.4324 		72 		67.1274
v -91.9047 		72 		42.3387
v -49.6948 		73 		197.4769
v 98.4324 		73 		67.1274
v 0.1699 		72 		119.9075
v -50.8179 		73 		197.0102
v 105.4604 		72 		79.7028
v 105.4604 		73 		79.7028
v 0.2764 		72 		121.2536
v -91.4599 		72 		42.113
v -58.242 		72 		63.3815
v -59.5919 		73 		34.7369
v 0.2359 		72 		122.6183
v -51.9367 		73 		196.5298
v 0.0434 		72 		123.9831
v 92.8053 		72 		81.7987
v -59.2412 		73 		35.6017
v 92.8053 		73 		81.7987
v -53.0516 		73 		196.0346
v -103 		72 		41.3461
v -1.0009 		72 		128.5019
v -102.4313 		72 		42.4498
v 93.6718 		72 		86.3971
v -59.03 		73 		36.5752
v 93.6718 		73 		86.3971
v -70.2038 		72 		74.4992
v -100.9268 		72 		45.5366
v -54.1616 		73 		195.5232
v 6.5 		72 		116.5934
v -58.979 		73 		40.5698
v 88.4412 		72 		121.5976
v -55.267 		73 		194.9952
v 88.4412 		73 		121.5976
v -83.7177 		72 		30.1478
v -59.8975 		73 		43.4607
v -71.9047 		72 		61.6079
v -28.1822 		72 		124.1526
v 84.7975 		72 		131.9404
v -57.7458 		72 		193.7884
v -61.5527 		73 		45.4101
v 102.8812 		73 		148.8685
v 84.7975 		73 		131.9404
v -57.7458 		73 		193.7884
v -72.6261 		72 		63.4321
v 80.1575 		72 		140.4385
v 98.7089 		73 		162.9606
v -63.7132 		73 		46.5803
v -35.2654 		72 		131.1999
v 80.1575 		73 		140.4385
v -73.5811 		72 		64.9851
v 92.736 		73 		173.8314
v -56.3669 		73 		194.4488
v -32.3211 		72 		142.3845
v -27.2493 		72 		139.0107
v -22.996 		72 		135.137
v -19.4902 		72 		130.935
v -72.7604 		73 		46.7131
v -16.662 		72 		126.5759
v 113.9284 		73 		154.7887
v -74.7016 		72 		66.2864
v 109.2839 		73 		171.3408
v 102.7668 		73 		184.0128
v 95.0776 		73 		193.2978
v -57.4608 		73 		193.8833
v 5.7646 		72 		106.3481
v -75.9184 		72 		67.3557
v 50.9112 		72 		122.066
v 51.1671 		72 		121.6696
v 51.1671 		73 		121.6696
v -76.3891 		73 		46.2873
v 50.9112 		73 		122.066
v -75.9354 		73 		46.295
v -75.4821 		73 		46.318
v -77.1631 		72 		68.2137
v -75.0284 		73 		46.3546
v -11.536 		72 		114.2671
v -74.5747 		73 		46.4044
v -10.712 		72 		110.9908
v -74.1211 		73 		46.4661
v -73.6677 		73 		46.539
v -73.2141 		73 		46.6216
v 90.3003 		73 		262.9771
v 89.7813 		73 		263.6137
v 87.764 		73 		265.4792
v -78.3672 		72 		68.8801
v 85.6117 		73 		267.2438
v -57.5589 		73 		189.9219
v -10.459 		72 		110.2278
v 83.3286 		73 		268.9105
v 90.5334 		73 		257.0965
v 50.1268 		72 		119.3825
v 90.8831 		73 		257.9005
v 91.1008 		73 		258.7615
v 91.189 		73 		259.6527
v 91.1505 		73 		260.5465
v 50.1268 		73 		119.3825
v 90.9877 		73 		261.4169
v -47.2255 		73 		192.611
v 90.7034 		73 		262.2357
v -10.0854 		72 		109.6065
v -14.6662 		73 		28.6736
v 50.5144 		72 		119.4575
v 50.5144 		73 		119.4575
v -14.0919 		73 		29.2246
v -52.7032 		73 		191.408
v -37.1457 		72 		52.7985
v 78.383 		73 		271.9624
v -9.6174 		72 		109.1372
v 75.7277 		73 		273.3535
v 72.955 		73 		274.6591
v 50.8377 		72 		119.664
v -13.5562 		73 		29.8451
v -56.2793 		73 		190.3665
v 50.8377 		73 		119.664
v 80.9181 		73 		270.4822
v -9.0816 		72 		108.8294
v -3.1277 		73 		32.1454
v -38.4466 		72 		54.4337
v -8.5044 		72 		108.6931
v 66 		73 		256.3062
v 51.0877 		72 		119.9731
v -3.3049 		73 		31.4474
v 51.0877 		73 		119.9731
v -7.9122 		72 		108.7387
v -39.7707 		72 		55.8653
v -36.5679 		73 		175.2409
v 51.2547 		72 		120.3568
v -3.3314 		73 		30.7474
v 51.2547 		73 		120.3568
v -7.3317 		72 		108.9759
v 67.0089 		73 		264.829
v -38.3842 		73 		175.2141
v 51.3296 		72 		120.7864
v -3.2225 		73 		30.0759
v -41.0666 		72 		57.0934
v 51.3296 		73 		120.7864
v -6.7891 		72 		109.4149
v -2.9927 		73 		29.4618
v -40.1998 		73 		175.0987
v 51.3038 		72 		121.2336
v -42.2835 		72 		58.1179
v 51.3038 		73 		121.2336
v -2.4083 		72 		114.1432
v 69.544 		73 		276
v -2.6574 		73 		28.9355
v 69.0367 		73 		275.9519
v 68.5628 		73 		275.7539
v 68.1398 		73 		275.4234
v -41.7782 		73 		174.939
v 67.7839 		73 		274.9772
v 67.5123 		73 		274.4317
v -1.6353 		72 		115.1021
v 67.342 		73 		273.8045
v -43.3709 		72 		58.9385
v -2.2312 		73 		28.5271
v 64.1856 		72 		127.0239
v -43.35 		73 		174.7184
v 64.1856 		73 		127.0239
v 67.2897 		73 		273.1125
v -43.8233 		72 		59.2178
v 52.6942 		72 		136.8118
v 52.6942 		73 		136.8118
v -1.7291 		73 		28.2665
v -44.9146 		73 		174.4386
v 70.0686 		73 		275.8812
v -0.9862 		72 		116.1778
v -44.2943 		72 		59.4171
v -1.1663 		73 		28.1839
v 18.0016 		73 		256.999
v 8.9514 		73 		259.5595
v -46.4724 		73 		174.1027
v 70.115 		72 		92.6626
v 70.115 		73 		92.6626
v -44.7777 		72 		59.535
v 60.5147 		73 		232.2239
v 64.754 		72 		99.6785
v -48.0223 		73 		173.713
v 64.754 		73 		99.6785
v -5.3748 		72 		102.6401
v -8.6499 		73 		13
v 62.5618 		73 		239.7119
v -45.267 		72 		59.5721
v -49.5644 		73 		173.2715
v 64.4539 		73 		247.8366
v -18.6888 		73 		26.9486
v 56.567 		73 		104.5588
v -45.7563 		72 		59.5269
v 0.1088 		72 		99.6606
v 56.567 		72 		104.5588
v -17.9707 		73 		27.0381
v 82.0545 		72 		91.4703
v 82.0545 		73 		91.4703
v -51.0977 		73 		172.7813
v -17.2663 		73 		27.2092
v -0.2629 		72 		99.087
v -46.2394 		72 		59.3996
v -0.4976 		72 		98.4423
v -16.5793 		73 		27.4609
v -46.7104 		72 		59.1893
v -15.9141 		73 		27.7896
v -0.5999 		72 		97.7602
v -59.1794 		73 		195.4022
v 78.9831 		73 		203.6738
v -59.1608 		73 		195.2464
v 71.9787 		73 		205.7497
v -15.2751 		73 		28.1946
v -0.5737 		72 		97.0729
v 53.7881 		73 		216.5447
v -47.1631 		72 		58.8959
v -36.0514 		73 		30.267
v -59.0905 		73 		194.8666
v -55.2706 		72 		52.8897
v 91.395 		72 		109.4745
v -35.7481 		73 		30.7146
v 91.395 		73 		109.4745
v -35.4595 		73 		31.1655
v -0.4234 		72 		96.4133
v 78.368 		72 		103.1587
v 78.368 		73 		103.1587
v -55.5582 		72 		52.6112
v -58.9594 		73 		194.5306
v -34.5499 		73 		32.868
v 53.9267 		73 		216.2632
v -0.1534 		72 		95.8146
v 72.5775 		72 		115.4079
v 72.5775 		73 		115.4079
v -55.7824 		72 		52.2663
v -28.3328 		73 		29.8876
v 0.2326 		72 		95.31
v 54.1114 		73 		216.0588
v -58.778 		73 		194.2461
v -28.4835 		73 		29.2732
v 0.7301 		72 		94.9323
v -55.9406 		72 		51.8719
v 54.3278 		73 		215.9324
v -28.5035 		73 		28.6604
v -28.4051 		73 		28.0758
v -58.5561 		73 		194.0217
v 54.5605 		73 		215.8843
v -28.2021 		73 		27.5448
v 37.7067 		73 		131.4447
v 37.7067 		72 		131.4447
v -54.3286 		72 		47.5422
v -27.907 		73 		27.0938
v -58.3031 		73 		193.8655
v 54.7948 		73 		215.9166
v 34.9726 		73 		132.4288
v 34.9726 		72 		132.4288
v -56.0305 		72 		51.4466
v 55.0155 		73 		216.0295
v -27.5327 		73 		26.7489
v -35.8802 		72 		107.9658
v -58.0299 		73 		193.785
v 32.4141 		73 		133.1834
v 32.4141 		72 		133.1834
v -56.0501 		72 		51.0075
v 55.208 		73 		216.2245
v -27.0928 		73 		26.5356
v -22.1782 		72 		114.0776
v 30.1196 		73 		133.7374
v 30.1196 		72 		133.7374
v -55.9969 		72 		50.5715
v -26.6002 		73 		26.4798
v 55.3574 		73 		216.5021
v 29.0785 		73 		133.846
v 29.0785 		72 		133.846
v -55.8684 		72 		50.1567
v 56.7216 		73 		220.3268
v 58.5043 		73 		225.6649
v -59.03 		73 		196.3114
v -25.8932 		73 		14.1536
v -36.714 		73 		29.4405
v 28.0692 		73 		133.7357
v 28.0692 		72 		133.7357
v -36.3727 		73 		29.8374
v -55.6628 		72 		49.7803
v -59.0758 		73 		196.1977
v -25.0477 		72 		89.6006
v -38.8777 		73 		28.4492
v -59.1147 		73 		196.0793
v -38.6989 		73 		28.4475
v -24.4097 		72 		90.0336
v -38.5188 		73 		28.4577
v 36.4853 		73 		144.3212
v 65.2302 		73 		209.9849
v 36.4853 		72 		144.3212
v -52.6309 		72 		35.2611
v -38.3364 		73 		28.482
v -52.9166 		72 		33.7639
v -19.4732 		72 		94.3357
v -59.1461 		73 		195.9558
v 36.9929 		72 		143.8651
v -37.887 		73 		28.5974
v 36.9929 		73 		143.8651
v -52.4218 		72 		36.9793
v -37.4683 		73 		28.8056
v 64.9982 		73 		209.405
v 37.6058 		72 		143.5772
v 37.6058 		73 		143.5772
v -37.0784 		73 		29.0914
v -59.1689 		73 		195.8268
v 64.907 		73 		208.8028
v -59.1827 		73 		195.6922
v 64.9436 		73 		208.2088
v -39.7746 		73 		28.5672
v 48.6275 		73 		124.6329
v -39.5922 		73 		28.5357
v 48.6275 		72 		124.6329
v 65.0952 		73 		207.6527
v -39.9573 		73 		28.5953
v -40.1374 		73 		28.617
v -39.4121 		73 		28.5059
v -53.0072 		72 		33.1418
v -59.1863 		73 		195.5509
v 46.0764 		73 		126.825
v 46.0764 		72 		126.825
v 65.3498 		73 		207.1647
v -41.0307 		73 		28.6809
v -52.3404 		72 		38.8801
v 43.3472 		73 		128.6718
v 65.6943 		73 		206.7742
v 43.3472 		72 		128.6718
v -40.8506 		73 		28.6689
v -52.4384 		72 		40.9254
v 40.5278 		73 		130.2018
v 40.5278 		72 		130.2018
v 66.1166 		73 		206.5115
v -40.3162 		73 		28.634
v -59.2588 		73 		189.709
v -40.494 		73 		28.6472
v -40.6718 		73 		28.6583
v -52.7682 		72 		43.0766
v -39.2333 		73 		28.4803
v 66.6033 		73 		206.4068
v -41.2131 		73 		28.6949
v -41.6422 		73 		28.743
v -59.7985 		73 		189.5906
v 48.4454 		72 		119.3531
v 48.4454 		73 		119.3531
v -39.0555 		73 		28.4607
v 46.4889 		72 		119.2428
v -60.3097 		73 		189.3688
v 46.4889 		73 		119.2428
v 33.9806 		73 		232.2686
v -53.3811 		72 		45.2947
v 44.3284 		72 		119.0184
v 44.3284 		73 		119.0184
v 26.0169 		73 		238.8249
v -60.7846 		73 		189.0524
v -46.9526 		73 		29.3677
v 48.7932 		73 		228.5669
v 42.0356 		72 		118.6475
v -46.4927 		73 		29.3021
v 42.0356 		73 		118.6475
v 15.2776 		73 		243.1675
v -61.2163 		73 		188.6496
v -46.0331 		73 		29.24
v 42.4467 		73 		238.5503
v -64.7836 		72 		60.0034
v 39.6816 		72 		118.097
v 39.6816 		73 		118.097
v -64.4133 		72 		60.0273
v 35.0194 		73 		246.5677
v -61.5974 		73 		188.1688
v 26.7811 		73 		252.6931
v 37.3371 		72 		117.3339
v 37.3371 		73 		117.3339
v -63.6164 		72 		60.3466
v -61.9207 		73 		187.6187
v 43.4691 		72 		189.0098
v 31.2371 		73 		201.3165
v 17.3531 		72 		139.1483
v 44.5389 		72 		196.8939
v 44.4481 		73 		205.811
v -62.1789 		73 		187.0076
v 17.3531 		73 		139.1483
v 42.8733 		73 		215.1122
v -66.1462 		72 		47.1334
v -45.5723 		73 		29.1821
v 17.611 		72 		139.9407
v 17.611 		73 		139.9407
v 39.492 		73 		224.1482
v 17.7999 		72 		140.7668
v 38.6847 		72 		182.766
v -74.9751 		73 		188.3166
v 17.7999 		73 		140.7668
v -73.3357 		72 		53.8512
v 38.9465 		72 		182.1579
v -73.1487 		72 		54.0432
v 39.2766 		72 		181.7364
v 17.9169 		72 		141.6185
v 39.6554 		72 		181.4954
v -18.9378 		72 		94.8842
v 17.9169 		73 		141.6185
v -72.9679 		72 		54.248
v 17.9597 		72 		142.4871
v 17.9597 		73 		142.4871
v -62.3646 		73 		186.3438
v 40.0617 		72 		181.4293
v 17.9257 		72 		143.3643
v -18.4861 		72 		95.528
v 17.9257 		73 		143.3643
v -44.6456 		73 		29.0782
v -72.7931 		72 		54.4656
v -43.7877 		73 		28.9823
v -44.2168 		73 		29.0305
v 40.4762 		72 		181.5333
v -18.1223 		72 		96.2506
v 21.6995 		73 		200.659
v -72.4378 		72 		54.9856
v 40.8775 		72 		181.8015
v -17.8511 		72 		97.0354
v -52.6224 		73 		172.2444
v 20.0081 		73 		202.7506
v 27.0981 		73 		133.4223
v 27.0981 		72 		133.4223
v 41.2462 		72 		182.2282
v -42.9294 		73 		28.8865
v -17.6762 		72 		97.8662
v -43.3585 		73 		28.9347
v -72.1335 		72 		55.5506
v 18.2225 		73 		204.686
v 41.5616 		72 		182.8086
v 26.1722 		73 		132.9228
v 26.1722 		72 		132.9228
v -53.5036 		73 		171.9174
v -17.6023 		72 		98.7268
v -71.8821 		72 		56.1536
v 16.3523 		73 		206.4762
v 25.2982 		73 		132.2538
v 25.2982 		72 		132.2538
v -54.3816 		73 		171.5741
v -42.0714 		73 		28.7907
v -17.6334 		72 		99.6001
v -42.5005 		73 		28.8389
v 14.4072 		73 		208.1322
v -71.6857 		72 		56.7872
v 24.4833 		73 		131.4311
v 24.4833 		72 		131.4311
v -45.1101 		73 		29.1284
v -55.2565 		73 		171.2165
v -17.7733 		72 		100.4697
v 12.3961 		73 		209.666
v -71.5458 		72 		57.4451
v -56.1286 		73 		170.8443
v 32.1519 		72 		172.4454
v 10.3294 		73 		211.0891
v 7.17 		73 		131.8207
v 7.17 		72 		131.8207
v -56.9977 		73 		170.4581
v -32.7564 		72 		102.2049
v -71.4644 		72 		58.1196
v -30.4937 		72 		96.6824
v -28.9865 		72 		91.9507
v 8.2163 		73 		212.413
v 7.4567 		73 		131.0934
v 7.4567 		72 		131.0934
v -28.6597 		72 		91.1118
v -71.4438 		72 		58.8043
v -44.5571 		73 		17.0585
v -28.2116 		72 		90.4228
v -71.4853 		72 		59.492
v 27.1691 		73 		208.4992
v -52.3881 		73 		30.9526
v 22.2523 		73 		215.3409
v 16.4526 		73 		221.336
v 9.7365 		73 		225.9809
v -42.3309 		73 		165.9175
v -27.6677 		72 		89.8952
v 11.0932 		72 		130.628
v 11.0932 		73 		130.628
v -52.0341 		73 		30.5651
v -27.0535 		72 		89.5384
v -47.754 		73 		166.3421
v 16.1931 		72 		137.0601
v 71.3397 		73 		191.3357
v -51.6187 		73 		30.2756
v 16.1931 		73 		137.0601
v -26.3953 		72 		89.3634
v 85.6947 		73 		181.9024
v -52.4999 		73 		166.2386
v -70.9019 		72 		47.0376
v 16.6415 		72 		137.6996
v -51.1513 		73 		30.1006
v 16.6415 		73 		137.6996
v 78.3186 		73 		187.5965
v -25.718 		72 		89.3808
v -68.6198 		72 		47.2318
v -56.5868 		73 		165.7276
v 17.0292 		72 		138.3984
v -50.8068 		73 		30.0226
v 17.0292 		73 		138.3984
v 86.9161 		73 		199.6873
v -50.4593 		73 		29.949
v -74.3623 		72 		53.1026
v -51.4762 		72 		121.1641
v -45.1343 		72 		117.9969
v -37.8445 		73 		144.9339
v 23.7345 		73 		130.4722
v 23.7345 		72 		130.4722
v -42.9091 		72 		135.7234
v 65.4917 		73 		193.5427
v -74.1446 		72 		53.2222
v -50.1096 		73 		29.8791
v -50.594 		72 		138.2285
v -43.2062 		73 		146.463
v 23.0583 		73 		129.3927
v 23.0583 		72 		129.3927
v 64.3301 		73 		193.8093
v -73.9331 		72 		53.3576
v -48.3276 		73 		147.1375
v 18.1872 		73 		121.3847
v 63.0449 		73 		193.9272
v 18.1872 		72 		121.3847
v -73.7279 		72 		53.508
v -53.1291 		73 		147.1235
v -68.1485 		72 		143.3639
v -67.5625 		72 		143.4921
v 61.7002 		73 		193.8795
v -47.8756 		73 		29.5116
v 17.9316 		73 		120.832
v -48.34 		73 		29.5896
v 17.9316 		72 		120.832
v -73.5288 		72 		53.6723
v -57.5324 		73 		146.5861
v 60.3592 		73 		193.6491
v -49.7579 		73 		29.8131
v -57.8014 		72 		139.2198
v 17.7979 		73 		120.2452
v 17.7979 		72 		120.2452
v -49.4046 		73 		29.7514
v 59.0857 		73 		193.2191
v -64.0122 		72 		139.2015
v 17.7793 		73 		119.6503
v 17.7793 		72 		119.6503
v -49.0503 		73 		29.6935
v 57.9431 		73 		192.5722
v -57.8632 		73 		170.0582
v -48.6953 		73 		29.6394
v 17.8685 		73 		119.0738
v 56.9952 		73 		191.6921
v 17.8685 		72 		119.0738
v -69.6955 		72 		144.1151
v -61.2814 		72 		32.9655
v -58.7261 		73 		169.6456
v -47.4134 		73 		29.4376
v -69.2382 		72 		143.7007
v 56.3056 		73 		190.5611
v 18.0588 		73 		118.5411
v 18.0588 		72 		118.5411
v -60.6319 		72 		33.4019
v -68.715 		72 		143.4423
v -59.5857 		73 		169.2202
v 18.3434 		73 		118.0782
v 18.3434 		72 		118.0782
v -71.8452 		72 		134.1636
v -60.0622 		72 		33.9981
v -60.0514 		73 		168.9805
v 18.7154 		72 		117.7112
v 50.5517 		73 		177.1856
v 18.7154 		73 		117.7112
v -68.7068 		72 		138.6786
v -59.5919 		72 		34.7369
v 50.3565 		73 		176.5635
v -69.3471 		72 		138.4934
v 19.1681 		72 		117.4659
v -60.5169 		73 		168.7395
v 19.1681 		73 		117.4659
v -52.9902 		73 		32.5324
v -69.9371 		72 		138.171
v -59.2412 		72 		35.6017
v 50.3013 		73 		175.9303
v -52.8754 		73 		31.9533
v -60.9817 		73 		168.4967
v -70.4669 		72 		137.7256
v -59.03 		72 		36.5752
v -52.6715 		73 		31.421
v 50.3735 		73 		175.3154
v -70.9255 		72 		137.1716
v 7.8568 		73 		130.5143
v 7.8568 		72 		130.5143
v -61.4451 		73 		168.251
v 50.5598 		73 		174.7469
v -58.979 		72 		40.5698
v -71.3033 		72 		136.5244
v 8.3425 		72 		130.0919
v 8.3425 		73 		130.0919
v -61.907 		73 		168.0015
v -71.5893 		72 		135.7975
v 50.8475 		73 		174.2547
v -59.8975 		72 		43.4607
v 8.8863 		72 		129.8347
v 8.8863 		73 		129.8347
v -62.3672 		73 		167.7464
v 51.223 		73 		173.8672
v 9.4613 		72 		129.7513
v -61.5527 		72 		45.4101
v 9.4613 		73 		129.7513
v -71.7733 		72 		135.0055
v 51.6734 		73 		173.6134
v -62.8248 		73 		167.4858
v 10.0388 		72 		129.85
v -63.7132 		72 		46.5803
v 10.0388 		73 		129.85
v 52.1862 		73 		173.5223
v 10.5922 		72 		130.1392
v 10.5922 		73 		130.1392
v -72.0086 		72 		125.1758
v -63.5089 		73 		32.7841
v 74.836 		73 		147.2712
v -76.3891 		72 		46.2873
v -62.7398 		73 		32.6397
v 69.1492 		73 		152.6183
v 45.8983 		73 		106.3592
v -71.9338 		72 		124.2049
v 45.8983 		72 		106.3592
v -66.1894 		73 		168.9647
v 37.3377 		73 		103.8243
v 37.3377 		72 		103.8243
v 63.4113 		73 		156.6598
v -71.6994 		72 		123.3201
v 30.7471 		73 		98.0386
v -61.9907 		73 		32.7057
v 30.7471 		72 		98.0386
v 57.9385 		73 		159.5749
v -71.3265 		72 		122.543
v -75.9354 		72 		46.295
v -64.7823 		73 		166.5695
v 87.7751 		73 		148.2894
v -64.0345 		73 		22.2212
v 53.0455 		73 		161.5435
v -70.8356 		72 		121.8957
v 27.9293 		72 		114.3135
v -63.3638 		73 		167.1805
v -63.2798 		73 		167.218
v 27.9293 		73 		114.3135
v 81.4495 		73 		158.0015
v 73.5221 		73 		166.0074
v 63.8241 		73 		171.463
v 28.5706 		72 		114.1279
v -75.4821 		72 		46.318
v 28.5706 		73 		114.1279
v 29.2171 		72 		114.0193
v -75.0284 		72 		46.3546
v -85.7419 		73 		129.7393
v 29.2171 		73 		114.0193
v -87.5615 		73 		111.9413
v -88.6699 		73 		97.1904
v 28.8909 		73 		186.5171
v -74.5747 		72 		46.4044
v -70.2485 		72 		121.4
v 27.9823 		73 		189.0541
v -74.1211 		72 		46.4661
v -63.4674 		73 		167.1315
v 35.0743 		72 		116.3251
v 35.0743 		73 		116.3251
v -69.5857 		72 		121.0786
v -73.6677 		72 		46.539
v 29.864 		72 		113.9886
v 29.864 		73 		113.9886
v -73.2141 		72 		46.6216
v -68.8686 		72 		120.9521
v 30.5079 		72 		114.0367
v 30.5079 		73 		114.0367
v 36.9612 		73 		187.9448
v 34.4899 		73 		194.2968
v -68.1181 		72 		121.0436
v -63.5886 		73 		167.0728
v 31.1439 		72 		114.1645
v -72.7604 		72 		46.7131
v 43.4691 		73 		189.0098
v 31.1439 		73 		114.1645
v -68.0528 		72 		116.8267
v -89.9439 		73 		78.8997
v 44.5389 		73 		196.8939
v 31.7679 		72 		114.3736
v -89.1716 		73 		86.7965
v 31.7679 		73 		114.3736
v -69.067 		72 		116.8544
v -79.2265 		73 		76.6002
v -63.7253 		73 		167.0051
v -70.0358 		72 		116.6317
v -79.8871 		73 		79.3847
v 38.6847 		73 		182.766
v 32.9638 		72 		115.0379
v 32.9638 		73 		115.0379
v -79.9645 		73 		78.935
v -59.1023 		72 		122.3637
v 32.3758 		72 		114.664
v 38.9465 		73 		182.1579
v -14.6662 		72 		28.6736
v 32.3758 		73 		114.664
v -63.8759 		73 		166.9293
v -14.0919 		72 		29.2246
v -79.9779 		73 		78.4866
v 39.2766 		73 		181.7364
v -79.9318 		73 		78.0497
v -46.9836 		72 		106.5478
v 39.6554 		73 		181.4954
v 17.9584 		73 		105.7941
v 12.9566 		73 		108.8187
v 12.9566 		72 		108.8187
v 17.9584 		72 		105.7941
v -50.7529 		72 		109.7351
v -79.8299 		73 		77.6329
v 40.0617 		73 		181.4293
v -64.0384 		73 		166.8467
v 12.0306 		73 		109.2156
v 12.0306 		72 		109.2156
v -79.6759 		73 		77.2462
v -54.58 		72 		112.2155
v 40.4762 		73 		181.5333
v 40.8775 		73 		181.8015
v 11.0789 		73 		109.3672
v -79.4733 		73 		76.8987
v 11.0789 		72 		109.3672
v -3.1277 		72 		32.1454
v 41.2462 		73 		182.2282
v -39.971 		72 		113.4138
v -3.3049 		72 		31.4474
v 10.1179 		73 		109.2948
v 10.1179 		72 		109.2948
v 41.5616 		73 		182.8086
v -64.211 		73 		166.7581
v -37.1869 		72 		89.4767
v 9.1645 		73 		109.021
v 9.1645 		72 		109.021
v -37.4817 		72 		90.9457
v -64.3914 		73 		166.6644
v 8.2356 		73 		108.5675
v -37.854 		72 		92.3816
v 8.2356 		72 		108.5675
v -38.3031 		72 		93.7796
v 38.6308 		73 		172.4066
v 7.3478 		73 		107.956
v 7.3478 		72 		107.956
v -38.8277 		72 		95.1354
v 6.5186 		73 		107.2091
v 6.5186 		72 		107.2091
v -39.4275 		72 		96.4439
v -40.1018 		72 		97.701
v 32.1519 		73 		172.4454
v -65.5063 		73 		166.8045
v -43.3932 		72 		102.5655
v 19.4103 		72 		102.9803
v -65.1598 		73 		166.6227
v 19.4103 		73 		102.9803
v 19.3315 		72 		103.6697
v 19.3315 		73 		103.6697
v -66.2489 		73 		168.4307
v 19.1423 		72 		104.3216
v -57.134 		72 		96.0824
v 19.1423 		73 		104.3216
v -55.9687 		72 		95.2116
v -66.1936 		73 		167.9283
v -54.8807 		72 		94.2028
v -53.8762 		72 		93.0663
v -52.9617 		72 		91.8119
v -52.1436 		72 		90.4501
v -51.4288 		72 		88.9899
v 18.8471 		72 		104.9097
v -66.04 		73 		167.4769
v 18.8471 		73 		104.9097
v -58.344 		72 		114.0772
v -65.8053 		73 		167.0958
v 18.451 		73 		105.4092
v 18.451 		72 		105.4092
v -61.9246 		72 		115.4079
v -60.0331 		73 		164.9301
v -65.2013 		72 		116.2949
v -62.8575 		73 		163.9668
v 25.9882 		73 		90.0869
v 25.9882 		72 		90.0869
v -65.0781 		73 		162.9585
v -70.9389 		72 		116.1808
v -65.8001 		73 		162.5169
v 9.0661 		72 		90.2891
v -71.755 		72 		115.5224
v 9.0661 		73 		90.2891
v -66.4669 		73 		161.9651
v -72.4643 		72 		114.678
v 9.7518 		72 		90.0013
v 9.7518 		73 		90.0013
v -67.0715 		73 		161.3118
v -73.0454 		72 		113.6701
v 10.4506 		72 		89.8684
v 10.4506 		73 		89.8684
v -73.4778 		72 		112.5191
v -67.6073 		73 		160.5679
v 11.1478 		72 		89.888
v -73.7413 		72 		111.2468
v 11.1478 		73 		89.888
v -68.0684 		73 		159.7418
v -74.8199 		72 		103.1106
v 11.8286 		72 		90.0549
v 11.8286 		73 		90.0549
v 12.4791 		72 		90.3658
v 12.4791 		73 		90.3658
v -93.8201 		73 		63.318
v 13.0844 		72 		90.8163
v 13.0844 		73 		90.8163
v -91.5942 		73 		70.9611
v -64.0933 		72 		90.6413
v 13.6296 		72 		91.4026
v -79.4621 		73 		69.3745
v 13.6296 		73 		91.4026
v -67.0091 		72 		92.8615
v -79.8822 		73 		69.4992
v 14.1009 		72 		92.121
v 14.1009 		73 		92.121
v -80.3028 		73 		69.5256
v 18.939 		72 		100.9385
v 18.939 		73 		100.9385
v -80.7159 		73 		69.4592
v 19.2187 		72 		101.5891
v 19.2187 		73 		101.5891
v -81.1131 		73 		69.3051
v -67.8566 		72 		100.3845
v -66.9379 		72 		100.4228
v 19.3743 		72 		102.2781
v -66.022 		72 		100.3785
v -65.1121 		72 		100.2533
v -64.2116 		72 		100.0489
v -63.3232 		72 		99.767
v 19.3743 		73 		102.2781
v -62.4502 		72 		99.4081
v -81.4857 		73 		69.0696
v -61.5958 		72 		98.9746
v -60.7627 		72 		98.4679
v -81.8253 		73 		68.7575
v -73.1699 		72 		100.0421
v -72.695 		72 		100.0013
v -82.1234 		73 		68.3747
v 74.2572 		72 		74.848
v 74.2572 		73 		74.848
v 73.1243 		72 		84.1671
v -82.3718 		73 		67.9263
v 73.1243 		73 		84.1671
v -74.8385 		72 		102.4966
v -74.7545 		72 		101.9119
v 84.1346 		72 		81.5376
v 84.1346 		73 		81.5376
v -74.5787 		72 		101.3745
v -98.7885 		73 		50.2683
v -96.3188 		73 		56.3082
v -74.3214 		72 		100.901
v -73.9936 		72 		100.5097
v 89.6594 		72 		74.8382
v 89.6594 		73 		74.8382
v -73.6063 		72 		100.2176
v 91.411 		72 		78.0795
v 91.411 		73 		78.0795
v -72.9951 		72 		95.8014
v -83.1235 		73 		48.6728
v -83.3563 		73 		48.5097
v -83.538 		73 		48.2861
v -83.6668 		73 		48.0174
v -83.7406 		73 		47.7193
v -73.7109 		72 		95.798
v -83.758 		73 		47.4076
v -83.7168 		73 		47.0972
v 86.9295 		72 		71.0156
v 87.2227 		72 		71.1476
v 87.4911 		72 		71.3673
v 87.7218 		72 		71.6748
v 85.1057 		72 		74.555
v -69.8004 		72 		94.492
v -72.2701 		72 		95.6136
v 85.4973 		72 		71.6769
v -74.4002 		72 		95.6161
v -75.0448 		72 		95.2678
v -83.6148 		73 		46.8038
v -83.4504 		73 		46.5428
v -83.3755 		73 		46.467
v 85.4852 		72 		71.6927
v -83.2974 		73 		46.3997
v -83.216 		73 		46.3414
v -83.1317 		73 		46.2924
v -83.0444 		73 		46.2537
v -82.9539 		73 		46.2256
v -75.6262 		72 		94.7658
v -82.8604 		73 		46.2081
v -82.764 		73 		46.2021
v -76.127 		72 		94.1224
v 85.4662 		72 		71.7173
v -76.529 		72 		93.3499
v -92.6369 		73 		45.9041
v -76.814 		72 		92.4617
v -92.8356 		73 		45.3428
v 85.7404 		72 		71.3673
v 85.4989 		72 		71.6748
v -92.9219 		73 		44.7603
v 5.8456 		72 		80.7912
v -92.9023 		73 		44.1803
v 85.4983 		72 		71.6752
v 4.7219 		72 		81.8587
v -92.7839 		73 		43.6251
v 85.4907 		72 		71.685
v 3.4809 		72 		82.939
v -92.5734 		73 		43.1175
v 2.1316 		72 		84.001
v 85.4947 		72 		71.6799
v -92.2783 		73 		42.681
v 0.6827 		72 		85.0132
v -91.9047 		73 		42.3387
v -0.8571 		72 		85.9436
v -2.4789 		72 		86.7616
v -91.4599 		73 		42.113
v -4.1736 		72 		87.4353
v 86.0163 		72 		71.1476
v -103 		73 		41.3461
v 86.3144 		72 		71.0156
v -102.4313 		73 		42.4498
v -100.9268 		73 		45.5366
v 86.6226 		72 		70.9717
v -5.2722 		72 		87.7172
v -68.4476 		73 		158.8434
v -6.3779 		72 		87.8309
v -7.4797 		72 		87.7781
v -8.5665 		72 		87.563
v 73.9875 		72 		65.3611
v -65.7942 		73 		165.43
v -9.6275 		72 		87.1883
v -61.4582 		73 		145.691
v 71.1407 		72 		48.508
v 69.5126 		72 		42.4536
v -10.6512 		72 		86.6564
v -64.828 		73 		144.6043
v 69.4175 		72 		41.869
v -11.6268 		72 		85.9713
v 69.4607 		72 		41.3141
v -12.5427 		72 		85.135
v -68.7388 		73 		157.8819
v 72.7906 		72 		56.3627
v -12.5888 		72 		75.8695
v -68.9356 		73 		156.8671
v 69.6218 		72 		40.8155
v 69.8807 		72 		40.3982
v -70.4067 		73 		146.8143
v -9.3248 		72 		72.8062
v -6.0086 		72 		68.7481
v -3.0542 		72 		63.6557
v 70.2157 		72 		40.089
v -70.4427 		73 		146.0342
v -70.3208 		73 		145.3069
v -70.0642 		73 		144.6588
v 70.6069 		72 		39.9136
v -79.553 		73 		169.2368
v -83.1072 		73 		149.2743
v 71.0331 		72 		39.8983
v 71.4744 		72 		40.0682
v 6.4068 		73 		134.5609
v 76.6363 		72 		43.6583
v 5.5881 		73 		137.2823
v 83.3182 		72 		49.2608
v 4.7134 		73 		139.9778
v 90.8178 		72 		57.0321
v 3.7826 		73 		142.64
v 22.9226 		72 		81.0526
v -83.7177 		73 		30.1478
v 21.4119 		72 		72.0205
v -2.5861 		73 		133.7395
v 21.3181 		72 		64.0747
v -4.8182 		73 		139.3872
v 7.4711 		72 		79.0244
v -12.7551 		73 		118.0706
v 6.8432 		72 		79.7679
v -14.4404 		73 		122.2308
v 10.2356 		72 		64.4022
v 9.6502 		72 		73.2499
v 9.7201 		72 		72.1432
v -0.4662 		73 		117.3501
v -0.0792 		73 		118.5998
v 9.4913 		72 		74.3289
v 0.1699 		73 		119.9075
v 9.2465 		72 		75.3717
v 0.2764 		73 		121.2536
v 8.919 		72 		76.3707
v 8.5121 		72 		77.3182
v 0.2359 		73 		122.6183
v 8.0284 		72 		78.2052
v 0.0434 		73 		123.9831
v -1.0009 		73 		128.5019
v 22.5023 		72 		58.2993
v -16.662 		73 		126.5759
v 24.1679 		72 		54.1952
v -19.4902 		73 		130.935
v 25.8966 		72 		50.2875
v 27.9725 		72 		46.5811
v -22.996 		73 		135.137
v 30.6795 		72 		43.0817
v -27.2493 		73 		139.0107
v 34.301 		72 		39.794
v -32.3211 		73 		142.3845
v 11.459 		72 		57.4881
v 39.1214 		72 		36.7229
v -28.1822 		73 		124.1526
v -35.2654 		73 		131.1999
v 13.237 		72 		51.3776
v 6.5 		73 		116.5934
v 45.4244 		72 		33.8738
v 5.7646 		73 		106.3481
v 15.4165 		72 		46.0476
v -11.536 		73 		114.2671
v -10.712 		73 		110.9908
v 17.8443 		72 		41.4742
v 20.3673 		72 		37.6342
v -10.459 		73 		110.2278
v 22.8318 		72 		34.504
v -10.0854 		73 		109.6065
v -9.6174 		73 		109.1372
v 50.8001 		72 		24.725
v -9.0816 		73 		108.8294
v 52.7017 		72 		26.5432
v 54.1477 		72 		28.1414
v -8.5044 		73 		108.6931
v 54.4 		72 		28.5438
v -7.9122 		73 		108.7387
v 54.5468 		72 		28.9985
v 54.5932 		72 		29.4772
v 54.5442 		72 		29.9515
v -7.3317 		73 		108.9759
v 54.4049 		72 		30.3944
v -6.7891 		73 		109.4149
v 54.18 		72 		30.7768
v -2.4083 		73 		114.1432
v -1.6353 		73 		115.1021
v -0.9862 		73 		116.1778
v 53.8748 		72 		31.0719
v 53.494 		72 		31.2507
v 0.1088 		73 		99.6606
v -0.2629 		73 		99.087
v 28.485 		72 		14.9788
v -0.4976 		73 		98.4423
v 33.6211 		72 		15.948
v -0.5999 		73 		97.7602
v 38.1585 		72 		17.317
v -0.5737 		73 		97.0729
v 42.1215 		72 		18.9828
v -0.4234 		73 		96.4133
v 45.5335 		72 		20.8415
v -0.1534 		73 		95.8146
v 48.4183 		72 		22.7896
v 0.2326 		73 		95.31
v 0.7301 		73 		94.9323
v 6.566 		72 		13.0907
v 19.1465 		72 		13.9193
v -35.8802 		73 		107.9658
v -22.1782 		73 		114.0776
v -25.0477 		73 		89.6006
v 24.1696 		72 		28.5246
v -24.4097 		73 		90.0336
v 24.669 		72 		28.6417
v -19.4732 		73 		94.3357
v 25.0805 		72 		28.9334
v -18.9378 		73 		94.8842
v 25.3933 		72 		29.3588
v -18.4861 		73 		95.528
v 25.5959 		72 		29.877
v -18.1223 		73 		96.2506
v 25.6777 		72 		30.4472
v -17.8511 		73 		97.0354
v 25.627 		72 		31.0284
v -17.6762 		73 		97.8662
v 25.4332 		72 		31.5799
v -17.6023 		73 		98.7268
v 25.0851 		72 		32.0602
v -17.6334 		73 		99.6001
v -17.7733 		73 		100.4697
v -0.0998 		72 		260.4477
v -8.8813 		72 		259.7375
v -17.0401 		72 		258.032
v -28.9865 		73 		91.9507
v -30.4937 		73 		96.6824
v -32.7564 		73 		102.2049
v -28.6597 		73 		91.1118
v 2.0702 		72 		228.77
v -28.2116 		73 		90.4228
v -5.2255 		72 		229.9317
v -11.9419 		72 		230.3737
v -27.6677 		73 		89.8952
v -27.0535 		73 		89.5384
v 3.96 		72 		245.056
v -26.3953 		73 		89.3634
v -5.9739 		72 		245.0168
v -25.718 		73 		89.3808
v -14.5744 		72 		243.4558
v -24.2207 		72 		255.7999
v -30.7009 		72 		252.8128
v -45.1343 		73 		117.9969
v -51.4762 		73 		121.1641
v -42.9091 		73 		135.7234
v -18.0517 		72 		230.2268
v -50.594 		73 		138.2285
v -23.5272 		72 		229.6217
v -28.3404 		72 		228.6891
v -67.5625 		73 		143.4921
v -68.1485 		73 		143.3639
v -21.8926 		72 		240.7765
v -57.8014 		73 		139.2198
v -27.9785 		72 		237.3848
v -64.0122 		73 		139.2015
v -32.8829 		72 		233.6849
v -69.6955 		73 		144.1151
v -69.2382 		73 		143.7007
v -13.8177 		72 		200.4431
v -68.715 		73 		143.4423
v -71.8452 		73 		134.1636
v 3.6165 		72 		214.8768
v -68.7068 		73 		138.6786
v -1.0365 		72 		216.7964
v -69.3471 		73 		138.4934
v -5.7399 		72 		218.2067
v -69.9371 		73 		138.171
v -10.4914 		72 		219.1431
v -70.4669 		73 		137.7256
v -70.9255 		73 		137.1716
v -32.4642 		72 		227.5598
v -71.3033 		73 		136.5244
v -35.8707 		72 		226.3646
v -71.5893 		73 		135.7975
v -71.7733 		73 		135.0055
v -15.2889 		72 		219.64
v -20.1302 		72 		219.7328
v -25.013 		72 		219.456
v -72.0086 		73 		125.1758
v -29.9347 		72 		218.845
v -31.9602 		72 		218.509
v -71.9338 		73 		124.2049
v -33.9893 		72 		218.1385
v -71.6994 		73 		123.3201
v -36.0201 		72 		217.7315
v -71.3265 		73 		122.543
v -70.8356 		73 		121.8957
v -70.2485 		73 		121.4
v -18.1629 		72 		201.5426
v -69.5857 		73 		121.0786
v -22.5345 		72 		202.1771
v -68.8686 		73 		120.9521
v -26.9192 		72 		202.3772
v -31.3036 		72 		202.1737
v -68.1181 		73 		121.0436
v -35.6739 		72 		201.5967
v -68.0528 		73 		116.8267
v -69.067 		73 		116.8544
v -59.1023 		73 		122.3637
v -36.7591 		72 		248.8432
v -70.0358 		73 		116.6317
v -42.6728 		72 		243.664
v -48.7208 		72 		237.0467
v -55.1814 		72 		228.7645
v -36.6564 		72 		230.082
v -38.5326 		72 		225.2344
v -38.8277 		72 		225.1799
v -39.3497 		72 		226.9807
v -39.5265 		72 		226.6716
v -39.5991 		72 		226.3365
v -39.5795 		72 		226.0013
v -39.4804 		72 		225.6922
v -39.3141 		72 		225.435
v -39.971 		73 		113.4138
v -39.0925 		72 		225.2557
v -46.9836 		73 		106.5478
v -38.0501 		72 		217.2848
v -50.7529 		73 		109.7351
v -54.58 		73 		112.2155
v -40.0773 		72 		216.7964
v -57.7615 		72 		55.6848
v -37.1869 		73 		89.4767
v -37.4817 		73 		90.9457
v -37.854 		73 		92.3816
v -38.3031 		73 		93.7796
v -38.8277 		73 		95.1354
v -39.4275 		73 		96.4439
v -40.1018 		73 		97.701
v -43.3932 		73 		102.5655
v -51.4288 		73 		88.9899
v -52.1436 		73 		90.4501
v -52.9617 		73 		91.8119
v -53.8762 		73 		93.0663
v -54.8807 		73 		94.2028
v -55.9687 		73 		95.2116
v -57.134 		73 		96.0824
v -58.344 		73 		114.0772
v -61.9246 		73 		115.4079
v -65.2013 		73 		116.2949
v -70.9389 		73 		116.1808
v -71.755 		73 		115.5224
v -72.4643 		73 		114.678
v -73.0454 		73 		113.6701
v -73.4778 		73 		112.5191
v -73.7413 		73 		111.2468
v -74.8199 		73 		103.1106
v -60.7627 		73 		98.4679
v -61.5958 		73 		98.9746
v -62.4502 		73 		99.4081
v -63.3232 		73 		99.767
v -64.2116 		73 		100.0489
v -65.1121 		73 		100.2533
v -66.022 		73 		100.3785
v -66.9379 		73 		100.4228
v -67.8566 		73 		100.3845
v -64.0933 		73 		90.6413
v -67.0091 		73 		92.8615
v -73.1699 		73 		100.0421
v -72.695 		73 		100.0013
v -74.8385 		73 		102.4966
v -74.7545 		73 		101.9119
v -74.5787 		73 		101.3745
v -74.3214 		73 		100.901
v -73.9936 		73 		100.5097
v -73.6063 		73 		100.2176
v -72.9951 		73 		95.8014
v -73.7109 		73 		95.798
v -69.8004 		73 		94.492
v -72.2701 		73 		95.6136
v -74.4002 		73 		95.6161
v -75.0448 		73 		95.2678
v -75.6262 		73 		94.7658
v -76.127 		73 		94.1224
v -76.529 		73 		93.3499
v -76.814 		73 		92.4617
v 5.8456 		73 		80.7912
v 4.7219 		73 		81.8587
v 3.4809 		73 		82.939
v 2.1316 		73 		84.001
v 0.6827 		73 		85.0132
v -0.8571 		73 		85.9436
v -2.4789 		73 		86.7616
v -4.1736 		73 		87.4353
v -5.2722 		73 		87.7172
v -6.3779 		73 		87.8309
v -7.4797 		73 		87.7781
v -8.5665 		73 		87.563
v -9.6275 		73 		87.1883
v -10.6512 		73 		86.6564
v -11.6268 		73 		85.9713
v -12.5427 		73 		85.135
v -12.5888 		73 		75.8695
v -3.0542 		73 		63.6557
v -6.0086 		73 		68.7481
v -9.3248 		73 		72.8062
# 2328 vertices

g group_0_4634441

usemtl color_4634441
s 0

f 8 	2 	1
f 19 	5 	2
f 26 	7 	6
f 26 	6 	4
f 20 	19 	2
f 2 	8 	20
f 32 	10 	9
f 28 	11 	10
f 28 	12 	11
f 28 	14 	12
f 24 	15 	14
f 9 	3 	32
f 24 	16 	15
f 24 	17 	16
f 50 	21 	13
f 50 	13 	7
f 50 	22 	21
f 50 	25 	22
f 10 	32 	28
f 14 	28 	24
f 207 	214 	30
f 38 	36 	39
f 39 	36 	40
f 272 	23 	27
f 33 	35 	45
f 45 	35 	47
f 36 	43 	40
f 40 	43 	48
f 177 	282 	42
f 272 	27 	37
f 25 	50 	2132
f 199 	207 	29
f 43 	52 	48
f 48 	52 	56
f 45 	47 	58
f 58 	47 	60
f 100 	57 	55
f 100 	55 	54
f 100 	59 	57
f 100 	61 	59
f 100 	62 	61
f 100 	63 	62
f 100 	65 	63
f 54 	53 	100
f 53 	46 	100
f 46 	44 	100
f 52 	67 	56
f 56 	67 	68
f 1090 	37 	49
f 58 	60 	69
f 69 	60 	70
f 67 	72 	68
f 68 	72 	73
f 69 	70 	75
f 75 	70 	76
f 72 	78 	73
f 73 	78 	84
f 75 	76 	89
f 89 	76 	90
f 100 	34 	85
f 100 	195 	65
f 78 	94 	84
f 84 	94 	97
f 376 	1050 	95
f 95 	93 	376
f 1050 	96 	95
f 1050 	98 	96
f 1050 	800 	98
f 93 	91 	376
f 91 	88 	376
f 88 	87 	376
f 385 	376 	87
f 89 	90 	101
f 101 	90 	103
f 50 	102 	92
f 50 	92 	77
f 97 	94 	1735
f 82 	81 	112
f 64 	247 	50
f 77 	71 	50
f 102 	50 	105
f 101 	103 	107
f 107 	103 	110
f 302 	111 	413
f 111 	106 	413
f 114 	113 	109
f 109 	113 	108
f 110 	118 	107
f 107 	118 	121
f 123 	122 	114
f 114 	122 	113
f 302 	124 	111
f 193 	126 	117
f 121 	118 	2325
f 128 	127 	123
f 123 	127 	122
f 132 	131 	133
f 133 	131 	135
f 136 	127 	138
f 138 	127 	128
f 171 	139 	129
f 183 	129 	126
f 132 	133 	148
f 148 	133 	150
f 116 	115 	125
f 294 	130 	124
f 151 	136 	152
f 152 	136 	138
f 140 	137 	134
f 141 	140 	134
f 142 	141 	134
f 143 	142 	134
f 144 	143 	134
f 146 	144 	134
f 134 	112 	79
f 134 	149 	146
f 134 	79 	149
f 112 	81 	79
f 156 	155 	157
f 157 	155 	158
f 157 	158 	162
f 162 	158 	163
f 160 	161 	131
f 131 	161 	135
f 165 	151 	168
f 168 	151 	152
f 150 	169 	167
f 167 	148 	150
f 221 	120 	145
f 167 	169 	174
f 174 	169 	176
f 423 	416 	439
f 174 	176 	180
f 180 	176 	181
f 221 	166 	159
f 221 	164 	166
f 221 	145 	164
f 282 	177 	170
f 747 	719 	748
f 221 	159 	179
f 271 	179 	185
f 180 	181 	187
f 187 	181 	189
f 65 	188 	182
f 126 	193 	183
f 190 	196 	191
f 191 	196 	197
f 705 	301 	308
f 185 	186 	271
f 187 	189 	199
f 199 	189 	200
f 261 	201 	193
f 139 	171 	153
f 1125 	177 	42
f 196 	202 	197
f 197 	202 	203
f 186 	194 	271
f 184 	192 	687
f 199 	200 	207
f 207 	200 	209
f 202 	206 	203
f 203 	206 	210
f 194 	205 	271
f 129 	183 	171
f 413 	213 	208
f 207 	209 	214
f 214 	209 	215
f 65 	195 	188
f 82 	112 	100
f 44 	34 	100
f 100 	85 	82
f 272 	271 	212
f 272 	212 	23
f 205 	212 	271
f 332 	211 	201
f 413 	219 	213
f 247 	216 	211
f 413 	222 	219
f 217 	218 	223
f 223 	218 	224
f 30 	29 	207
f 679 	687 	192
f 697 	705 	173
f 672 	679 	192
f 223 	224 	230
f 230 	224 	231
f 215 	226 	225
f 225 	214 	215
f 237 	233 	413
f 230 	231 	235
f 235 	231 	236
f 247 	227 	220
f 247 	64 	227
f 50 	71 	64
f 249 	237 	413
f 225 	226 	238
f 238 	226 	241
f 242 	239 	244
f 244 	239 	255
f 256 	255 	239
f 235 	236 	245
f 245 	236 	248
f 104 	249 	413
f 238 	241 	252
f 252 	241 	254
f 245 	248 	257
f 257 	248 	259
f 268 	265 	239
f 265 	258 	239
f 258 	256 	239
f 663 	264 	262
f 658 	273 	264
f 252 	254 	263
f 263 	254 	266
f 239 	246 	270
f 269 	268 	239
f 270 	269 	239
f 246 	260 	270
f 271 	270 	260
f 37 	1090 	272
f 514 	240 	723
f 263 	266 	275
f 275 	266 	276
f 106 	104 	413
f 294 	147 	130
f 282 	170 	147
f 413 	233 	222
f 413 	316 	310
f 353 	338 	333
f 275 	276 	278
f 278 	276 	279
f 285 	273 	651
f 262 	251 	461
f 257 	259 	281
f 281 	259 	283
f 201 	261 	253
f 193 	117 	261
f 278 	279 	286
f 286 	279 	288
f 293 	285 	651
f 281 	283 	290
f 290 	283 	291
f 173 	178 	697
f 715 	274 	277
f 651 	326 	293
f 147 	294 	282
f 286 	288 	295
f 295 	288 	298
f 306 	296 	597
f 290 	291 	299
f 299 	291 	300
f 715 	277 	284
f 124 	302 	294
f 298 	304 	295
f 295 	304 	307
f 312 	306 	597
f 715 	284 	292
f 413 	310 	302
f 326 	311 	303
f 597 	247 	312
f 304 	466 	307
f 326 	303 	293
f 247 	318 	312
f 26 	319 	1198
f 1198 	319 	322
f 356 	305 	1878
f 1873 	1878 	305
f 314 	173 	308
f 333 	323 	413
f 332 	324 	247
f 163 	328 	327
f 327 	162 	163
f 311 	326 	317
f 211 	332 	247
f 319 	325 	322
f 322 	325 	334
f 336 	65 	182
f 715 	292 	301
f 705 	308 	173
f 314 	232 	154
f 154 	173 	314
f 115 	232 	314
f 321 	125 	115
f 314 	321 	115
f 413 	353 	333
f 325 	337 	334
f 334 	337 	339
f 342 	340 	837
f 331 	330 	287
f 317 	326 	336
f 324 	318 	247
f 201 	253 	332
f 247 	220 	216
f 329 	335 	287
f 326 	346 	343
f 342 	1061 	340
f 362 	348 	597
f 335 	341 	287
f 326 	351 	346
f 326 	343 	336
f 361 	338 	353
f 328 	354 	352
f 352 	327 	328
f 345 	349 	287
f 341 	345 	287
f 348 	347 	597
f 347 	358 	597
f 352 	354 	363
f 363 	354 	364
f 337 	355 	339
f 339 	355 	365
f 336 	182 	317
f 344 	350 	1897
f 363 	364 	369
f 369 	364 	370
f 369 	370 	373
f 373 	370 	374
f 651 	367 	359
f 651 	359 	351
f 351 	326 	651
f 1894 	1897 	350
f 355 	375 	365
f 365 	375 	377
f 391 	390 	597
f 373 	374 	379
f 379 	374 	380
f 349 	356 	1878
f 1878 	287 	349
f 330 	329 	287
f 1884 	1887 	280
f 1884 	287 	1882
f 350 	360 	1894
f 83 	80 	385
f 379 	380 	387
f 387 	380 	388
f 384 	405 	382
f 382 	405 	403
f 1891 	1894 	368
f 360 	368 	1894
f 632 	389 	383
f 80 	394 	385
f 357 	393 	597
f 393 	391 	597
f 358 	357 	597
f 395 	362 	597
f 387 	388 	396
f 396 	388 	397
f 432 	331 	297
f 626 	228 	389
f 637 	383 	371
f 421 	420 	400
f 396 	397 	208
f 368 	372 	1891
f 441 	432 	386
f 297 	386 	432
f 408 	854 	409
f 411 	410 	405
f 405 	410 	403
f 415 	395 	597
f 390 	378 	597
f 289 	415 	597
f 378 	366 	597
f 413 	408 	414
f 414 	408 	409
f 440 	416 	407
f 411 	2326 	410
f 372 	381 	1891
f 353 	413 	414
f 452 	441 	392
f 386 	392 	441
f 287 	297 	331
f 439 	175 	423
f 473 	417 	428
f 400 	394 	421
f 422 	421 	394
f 424 	422 	394
f 427 	424 	394
f 394 	429 	427
f 394 	80 	429
f 296 	289 	597
f 116 	125 	426
f 398 	404 	462
f 462 	452 	398
f 392 	398 	452
f 168 	436 	433
f 433 	165 	168
f 425 	434 	430
f 430 	434 	437
f 416 	440 	439
f 407 	428 	440
f 172 	2156 	2169
f 464 	404 	412
f 442 	433 	447
f 447 	433 	436
f 2263 	119 	426
f 1587 	448 	446
f 1591 	446 	445
f 1587 	449 	448
f 593 	412 	435
f 456 	442 	458
f 458 	442 	447
f 488 	457 	597
f 460 	459 	453
f 453 	459 	451
f 468 	466 	460
f 460 	466 	459
f 551 	474 	467
f 234 	417 	470
f 404 	463 	462
f 404 	464 	463
f 468 	307 	466
f 471 	456 	472
f 472 	456 	458
f 417 	473 	470
f 642 	371 	367
f 477 	476 	478
f 478 	476 	480
f 567 	488 	597
f 479 	471 	481
f 481 	471 	472
f 543 	467 	465
f 430 	480 	476
f 476 	425 	430
f 492 	479 	495
f 495 	479 	481
f 428 	407 	473
f 470 	461 	234
f 671 	461 	1459
f 251 	243 	461
f 663 	262 	461
f 497 	496 	494
f 498 	497 	494
f 499 	498 	494
f 500 	499 	494
f 501 	500 	494
f 503 	501 	494
f 505 	503 	494
f 494 	490 	505
f 454 	505 	490
f 742 	764 	861
f 139 	502 	511
f 483 	482 	905
f 484 	483 	905
f 485 	484 	905
f 487 	485 	905
f 489 	487 	905
f 493 	489 	905
f 504 	493 	905
f 905 	400 	504
f 504 	400 	506
f 506 	400 	517
f 517 	400 	420
f 443 	454 	515
f 516 	515 	454
f 515 	513 	443
f 486 	516 	454
f 490 	486 	454
f 513 	512 	443
f 566 	443 	510
f 512 	510 	443
f 561 	566 	510
f 518 	492 	520
f 520 	492 	495
f 579 	524 	522
f 502 	519 	511
f 511 	519 	523
f 519 	528 	523
f 523 	528 	529
f 577 	527 	524
f 546 	533 	597
f 528 	531 	529
f 529 	531 	534
f 491 	507 	735
f 509 	514 	723
f 536 	518 	538
f 538 	518 	520
f 313 	320 	315
f 315 	320 	539
f 531 	537 	534
f 534 	537 	541
f 577 	532 	527
f 533 	530 	597
f 563 	548 	597
f 548 	546 	597
f 545 	536 	547
f 547 	536 	538
f 477 	478 	537
f 537 	478 	541
f 320 	544 	539
f 539 	544 	549
f 560 	550 	576
f 508 	562 	525
f 562 	552 	525
f 525 	540 	508
f 540 	553 	508
f 401 	564 	597
f 564 	563 	597
f 576 	575 	560
f 576 	542 	535
f 557 	475 	474
f 544 	556 	549
f 549 	556 	565
f 555 	554 	153
f 1022 	873 	521
f 878 	873 	1022
f 521 	361 	353
f 510 	508 	553
f 553 	561 	510
f 526 	567 	597
f 569 	568 	555
f 555 	568 	554
f 556 	571 	565
f 565 	571 	574
f 467 	543 	551
f 474 	551 	557
f 580 	578 	569
f 569 	578 	568
f 557 	570 	475
f 602 	475 	570
f 571 	582 	574
f 574 	582 	584
f 535 	577 	576
f 524 	579 	577
f 550 	542 	576
f 443 	566 	573
f 402 	401 	597
f 366 	402 	597
f 530 	526 	597
f 586 	585 	580
f 580 	585 	578
f 573 	583 	443
f 582 	589 	584
f 584 	589 	591
f 451 	585 	586
f 586 	453 	451
f 570 	581 	602
f 418 	602 	581
f 435 	443 	583
f 583 	588 	435
f 589 	595 	591
f 591 	595 	596
f 620 	599 	594
f 18 	594 	5
f 435 	588 	593
f 412 	593 	464
f 600 	204 	598
f 595 	601 	596
f 596 	601 	604
f 598 	608 	600
f 600 	608 	609
f 581 	587 	418
f 587 	592 	418
f 418 	592 	419
f 601 	611 	604
f 604 	611 	613
f 608 	612 	609
f 609 	612 	614
f 789 	615 	610
f 229 	590 	599
f 18 	620 	594
f 5 	19 	18
f 789 	622 	615
f 610 	603 	789
f 612 	621 	614
f 614 	621 	624
f 315 	893 	313
f 621 	629 	624
f 624 	629 	30
f 599 	620 	229
f 597 	628 	622
f 300 	635 	633
f 633 	299 	300
f 629 	634 	30
f 30 	634 	29
f 605 	625 	630
f 383 	637 	632
f 597 	639 	628
f 633 	635 	641
f 641 	635 	643
f 371 	642 	637
f 228 	626 	590
f 468 	616 	623
f 367 	651 	642
f 389 	632 	626
f 606 	630 	636
f 636 	607 	606
f 634 	640 	29
f 29 	640 	31
f 910 	645 	644
f 910 	647 	645
f 910 	648 	647
f 910 	649 	648
f 482 	654 	910
f 641 	643 	653
f 653 	643 	657
f 273 	658 	651
f 910 	905 	482
f 640 	659 	31
f 31 	659 	41
f 653 	657 	660
f 660 	657 	662
f 597 	655 	639
f 590 	229 	228
f 264 	663 	658
f 768 	775 	808
f 775 	780 	808
f 659 	668 	41
f 41 	668 	51
f 461 	671 	663
f 558 	545 	559
f 559 	545 	547
f 660 	662 	670
f 670 	662 	673
f 668 	675 	51
f 51 	675 	66
f 691 	607 	636
f 263 	275 	656
f 252 	263 	204
f 670 	673 	681
f 681 	673 	683
f 680 	558 	682
f 682 	558 	559
f 675 	685 	66
f 66 	685 	74
f 636 	674 	691
f 275 	646 	656
f 600 	609 	225
f 685 	1811 	74
f 597 	684 	655
f 278 	638 	646
f 704 	680 	682
f 116 	692 	115
f 115 	692 	695
f 694 	691 	674
f 674 	677 	694
f 850 	694 	677
f 677 	686 	850
f 656 	661 	204
f 1509 	701 	693
f 119 	700 	116
f 116 	700 	692
f 706 	676 	597
f 597 	676 	669
f 438 	706 	597
f 687 	689 	184
f 708 	707 	699
f 699 	707 	698
f 1459 	678 	671
f 713 	709 	1497
f 178 	184 	689
f 712 	711 	708
f 708 	711 	707
f 820 	819 	702
f 702 	703 	820
f 695 	232 	115
f 718 	716 	712
f 712 	716 	711
f 886 	717 	125
f 597 	669 	696
f 597 	696 	690
f 450 	438 	597
f 457 	450 	597
f 710 	714 	617
f 689 	697 	178
f 725 	724 	718
f 718 	724 	716
f 248 	713 	1497
f 125 	717 	426
f 748 	719 	721
f 714 	722 	617
f 301 	705 	715
f 224 	730 	726
f 108 	724 	725
f 725 	109 	108
f 789 	732 	728
f 721 	719 	731
f 731 	719 	733
f 218 	736 	730
f 231 	726 	720
f 789 	737 	732
f 731 	733 	740
f 740 	733 	741
f 734 	739 	154
f 154 	739 	173
f 739 	745 	173
f 173 	745 	178
f 814 	738 	744
f 703 	702 	740
f 740 	741 	703
f 754 	759 	666
f 727 	619 	618
f 664 	619 	751
f 722 	727 	618
f 618 	617 	722
f 715 	723 	250
f 240 	250 	723
f 745 	746 	178
f 178 	746 	184
f 738 	747 	744
f 744 	747 	748
f 789 	603 	737
f 597 	688 	684
f 746 	753 	184
f 184 	753 	192
f 795 	755 	752
f 619 	727 	751
f 597 	690 	688
f 622 	789 	597
f 756 	749 	757
f 757 	749 	750
f 753 	758 	192
f 192 	758 	198
f 729 	735 	507
f 507 	509 	729
f 715 	267 	274
f 715 	250 	267
f 794 	760 	755
f 698 	762 	761
f 761 	699 	698
f 763 	756 	765
f 765 	756 	757
f 758 	766 	198
f 198 	766 	204
f 791 	769 	760
f 861 	491 	742
f 771 	763 	774
f 774 	763 	765
f 761 	762 	772
f 772 	762 	776
f 751 	754 	664
f 666 	664 	754
f 789 	773 	767
f 766 	598 	204
f 791 	779 	769
f 789 	781 	773
f 782 	771 	783
f 783 	771 	774
f 784 	232 	695
f 772 	776 	785
f 785 	776 	786
f 1126 	1133 	770
f 734 	154 	232
f 232 	784 	734
f 1126 	777 	787
f 786 	792 	785
f 785 	792 	796
f 667 	666 	759
f 790 	782 	797
f 797 	782 	783
f 781 	789 	1630
f 1637 	1630 	789
f 1649 	1643 	728
f 728 	1399 	1649
f 1375 	1662 	1657
f 1121 	1126 	793
f 1126 	787 	793
f 744 	816 	814
f 1097 	798 	514
f 514 	798 	240
f 800 	790 	801
f 801 	790 	797
f 755 	795 	794
f 1131 	778 	795
f 760 	794 	791
f 743 	218 	779
f 779 	791 	743
f 720 	248 	236
f 792 	804 	796
f 796 	804 	812
f 799 	836 	1121
f 798 	807 	240
f 240 	807 	250
f 759 	768 	667
f 808 	667 	768
f 811 	808 	780
f 845 	814 	816
f 807 	815 	250
f 250 	815 	267
f 834 	818 	813
f 1874 	810 	806
f 1974 	1972 	802
f 824 	871 	863
f 793 	799 	1121
f 821 	809 	1110
f 819 	820 	826
f 826 	820 	827
f 815 	825 	267
f 267 	825 	274
f 848 	828 	824
f 804 	830 	812
f 812 	830 	838
f 819 	826 	832
f 826 	833 	832
f 825 	839 	274
f 274 	839 	277
f 835 	834 	813
f 190 	834 	455
f 852 	850 	686
f 1116 	1121 	836
f 809 	805 	1110
f 836 	823 	1116
f 805 	803 	1110
f 926 	846 	665
f 665 	888 	926
f 839 	847 	277
f 277 	847 	284
f 841 	814 	845
f 978 	469 	849
f 978 	465 	469
f 847 	851 	284
f 284 	851 	292
f 824 	857 	848
f 858 	856 	844
f 844 	856 	843
f 830 	859 	838
f 838 	859 	862
f 851 	860 	292
f 292 	860 	301
f 842 	853 	852
f 891 	854 	853
f 853 	842 	885
f 686 	842 	852
f 916 	572 	846
f 916 	627 	572
f 910 	644 	627
f 654 	652 	910
f 910 	650 	649
f 846 	926 	916
f 1022 	944 	935
f 865 	864 	858
f 858 	864 	856
f 824 	863 	857
f 860 	868 	301
f 301 	868 	308
f 874 	864 	875
f 875 	864 	865
f 845 	869 	867
f 867 	841 	845
f 824 	876 	871
f 883 	878 	1022
f 906 	913 	156
f 913 	922 	156
f 868 	877 	308
f 308 	877 	314
f 824 	880 	876
f 879 	874 	881
f 881 	874 	875
f 859 	882 	862
f 862 	882 	884
f 866 	1006 	849
f 855 	861 	1133
f 823 	822 	1116
f 1133 	764 	770
f 770 	777 	1126
f 735 	742 	491
f 723 	729 	509
f 764 	1133 	861
f 824 	887 	880
f 1974 	802 	828
f 877 	886 	314
f 314 	886 	321
f 935 	926 	888
f 889 	879 	890
f 890 	879 	881
f 1486 	867 	1488
f 1488 	867 	869
f 321 	886 	125
f 882 	893 	884
f 884 	893 	898
f 853 	885 	891
f 895 	889 	897
f 897 	889 	890
f 935 	888 	883
f 883 	1022 	935
f 1022 	957 	953
f 891 	894 	854
f 902 	895 	903
f 903 	895 	897
f 898 	893 	315
f 418 	901 	602
f 1143 	1167 	1013
f 896 	840 	887
f 887 	824 	896
f 931 	920 	896
f 960 	943 	896
f 894 	900 	854
f 1013 	1016 	1143
f 162 	327 	854
f 840 	911 	344
f 964 	915 	912
f 627 	916 	910
f 1001 	1143 	1016
f 157 	162 	854
f 911 	920 	344
f 344 	920 	350
f 925 	923 	917
f 917 	923 	914
f 780 	788 	811
f 930 	928 	921
f 921 	928 	919
f 934 	932 	925
f 925 	932 	923
f 920 	931 	350
f 350 	931 	360
f 652 	650 	910
f 939 	938 	930
f 930 	938 	928
f 1023 	1030 	1001
f 942 	940 	934
f 934 	940 	932
f 931 	943 	360
f 360 	943 	368
f 904 	909 	1006
f 824 	949 	946
f 1022 	947 	944
f 824 	952 	950
f 951 	948 	942
f 942 	948 	940
f 956 	954 	951
f 951 	954 	948
f 1022 	953 	947
f 788 	929 	870
f 870 	811 	788
f 1068 	958 	962
f 961 	959 	956
f 956 	959 	954
f 943 	960 	368
f 368 	960 	372
f 872 	870 	929
f 918 	927 	1006
f 958 	1 	962
f 824 	964 	955
f 955 	952 	824
f 946 	896 	824
f 843 	959 	961
f 961 	844 	843
f 960 	965 	372
f 372 	965 	381
f 937 	945 	849
f 967 	1093 	968
f 964 	824 	915
f 156 	157 	906
f 854 	900 	906
f 936 	156 	922
f 922 	872 	936
f 929 	936 	872
f 965 	983 	381
f 972 	971 	968
f 968 	971 	967
f 1022 	985 	957
f 1022 	989 	985
f 521 	353 	1022
f 945 	963 	849
f 972 	908 	971
f 971 	908 	907
f 976 	901 	419
f 419 	901 	418
f 963 	966 	849
f 445 	444 	1614
f 1111 	979 	982
f 970 	981 	975
f 975 	981 	984
f 399 	381 	983
f 979 	986 	982
f 982 	986 	987
f 906 	157 	854
f 373 	409 	854
f 983 	988 	399
f 399 	988 	406
f 966 	969 	849
f 849 	969 	978
f 465 	978 	543
f 1070 	342 	837
f 1070 	1061 	342
f 988 	976 	406
f 406 	976 	419
f 903 	999 	998
f 998 	902 	903
f 1005 	1000 	1021
f 993 	992 	1032
f 994 	993 	1032
f 995 	994 	1032
f 997 	995 	1032
f 1032 	1697 	997
f 1021 	810 	1005
f 1021 	996 	989
f 1003 	998 	1004
f 1004 	998 	999
f 717 	1002 	426
f 849 	855 	1133
f 919 	1008 	1007
f 1007 	921 	919
f 1009 	1003 	1011
f 1011 	1003 	1004
f 810 	1010 	1005
f 1002 	1012 	426
f 426 	1012 	431
f 854 	327 	352
f 1007 	1008 	1014
f 1014 	1008 	1015
f 1058 	964 	912
f 1011 	750 	749
f 749 	1009 	1011
f 854 	352 	363
f 854 	363 	369
f 1000 	996 	1021
f 1014 	1015 	1017
f 1017 	1015 	1018
f 981 	1020 	1019
f 1019 	984 	981
f 989 	1022 	1021
f 854 	369 	373
f 1018 	1024 	1017
f 1017 	1024 	1027
f 1019 	1020 	1026
f 1026 	1020 	1028
f 465 	1029 	469
f 469 	1029 	1031
f 373 	379 	409
f 379 	387 	409
f 1055 	1054 	1034
f 1026 	1028 	1037
f 1037 	1028 	1040
f 1024 	1036 	1027
f 1027 	1036 	1043
f 1163 	1161 	1013
f 1161 	1159 	1013
f 467 	1046 	465
f 465 	1046 	1029
f 1035 	1033 	1032
f 1035 	1032 	1038
f 1038 	1032 	1039
f 1039 	1032 	1041
f 1041 	1032 	1042
f 1042 	1032 	1044
f 1044 	1032 	1047
f 1047 	1032 	1048
f 1048 	1032 	990
f 1037 	1040 	1049
f 1049 	1040 	1050
f 387 	396 	409
f 1036 	1051 	1043
f 1043 	1051 	1052
f 1049 	1050 	376
f 1051 	1053 	1052
f 1052 	1053 	1057
f 1060 	340 	1061
f 923 	970 	1034
f 1034 	1054 	914
f 1034 	1025 	1055
f 1056 	1055 	1025
f 1059 	1056 	1025
f 1025 	1107 	1059
f 973 	1063 	1058
f 1053 	1062 	1057
f 1057 	1062 	1064
f 409 	396 	414
f 937 	849 	1006
f 1133 	866 	849
f 1016 	1023 	1001
f 1167 	1166 	1013
f 1166 	1165 	1013
f 1165 	1163 	1013
f 17 	1060 	1061
f 1046 	467 	474
f 474 	1065 	1046
f 912 	974 	1058
f 1062 	1068 	1064
f 1064 	1068 	1071
f 1070 	826 	1072
f 1072 	826 	827
f 475 	1073 	474
f 474 	1073 	1065
f 1058 	974 	973
f 1162 	1069 	1345
f 1070 	1072 	24
f 1071 	1068 	962
f 1113 	1076 	1074
f 1113 	1067 	1063
f 1112 	1073 	475
f 1108 	1077 	1076
f 1454 	1078 	861
f 861 	1078 	491
f 1106 	1081 	1077
f 1113 	1074 	1067
f 1078 	1079 	491
f 491 	1079 	507
f 1083 	17 	1061
f 458 	447 	731
f 731 	740 	458
f 740 	472 	458
f 740 	481 	472
f 740 	495 	481
f 740 	520 	495
f 740 	538 	520
f 702 	547 	538
f 702 	559 	547
f 702 	682 	559
f 702 	829 	704
f 702 	704 	682
f 447 	436 	731
f 16 	17 	1089
f 1089 	17 	1083
f 1087 	2043 	1090
f 1106 	1120 	1088
f 1063 	973 	1113
f 1079 	1084 	507
f 507 	1084 	509
f 1094 	1093 	1090
f 1090 	1093 	1087
f 15 	16 	1092
f 1092 	16 	1089
f 1120 	1096 	1088
f 1094 	968 	1093
f 1084 	1097 	509
f 509 	1097 	514
f 14 	15 	1100
f 1100 	15 	1092
f 1115 	1099 	1095
f 12 	14 	1105
f 1105 	14 	1100
f 731 	152 	721
f 1102 	1109 	1104
f 1104 	1109 	1111
f 1098 	1103 	817
f 1655 	1085 	1098
f 602 	1112 	475
f 1076 	1113 	1108
f 11 	12 	1114
f 1114 	12 	1105
f 1109 	979 	1111
f 1077 	1108 	1106
f 1106 	1088 	1081
f 538 	740 	702
f 168 	152 	731
f 436 	168 	731
f 901 	1112 	602
f 803 	817 	1103
f 10 	11 	1118
f 1118 	11 	1114
f 1667 	1101 	1099
f 1120 	789 	767
f 1103 	1110 	803
f 1110 	1116 	821
f 1548 	1122 	978
f 978 	1122 	543
f 1117 	1124 	1119
f 1119 	1124 	1128
f 177 	1125 	1129
f 1122 	1130 	543
f 543 	1130 	551
f 1124 	1131 	1128
f 1128 	1131 	1135
f 1127 	1145 	908
f 822 	821 	1116
f 1140 	1139 	1134
f 1144 	1142 	1123
f 1037 	783 	774
f 1037 	774 	765
f 1049 	797 	783
f 1125 	3 	1129
f 1127 	1132 	1145
f 1130 	1136 	551
f 551 	1136 	557
f 1135 	1131 	752
f 9 	10 	1138
f 1138 	10 	1118
f 927 	937 	1006
f 829 	702 	819
f 1715 	778 	938
f 938 	939 	1715
f 557 	1136 	570
f 570 	1136 	1146
f 1123 	1141 	1140
f 1123 	1142 	1141
f 1069 	1066 	1345
f 1140 	1134 	1123
f 1129 	3 	1150
f 1147 	1145 	1132
f 1148 	1147 	1132
f 1132 	1137 	1148
f 1149 	1148 	1137
f 1137 	1566 	1149
f 570 	1146 	581
f 581 	1146 	1152
f 831 	829 	819
f 832 	831 	819
f 837 	833 	826
f 3 	9 	1150
f 1150 	9 	1138
f 1154 	1153 	1155
f 1155 	1153 	1157
f 581 	1152 	587
f 587 	1152 	1160
f 1356 	396 	208
f 1013 	1159 	1158
f 1030 	1045 	1001
f 1045 	892 	1001
f 892 	899 	1001
f 899 	904 	1001
f 1006 	1001 	904
f 909 	918 	1006
f 1158 	1156 	1013
f 587 	1160 	592
f 592 	1160 	1171
f 1528 	1174 	1164
f 1345 	1528 	1164
f 1716 	2046 	1695
f 984 	881 	875
f 1019 	890 	881
f 875 	865 	984
f 865 	858 	984
f 999 	903 	1019
f 1019 	897 	890
f 1425 	1177 	1182
f 1206 	1170 	1169
f 1175 	1172 	1206
f 1201 	1175 	1206
f 1193 	1201 	1206
f 1180 	1179 	1206
f 1181 	1180 	1206
f 1183 	1181 	1206
f 1185 	1183 	1206
f 1168 	1185 	1206
f 1206 	1169 	1168
f 592 	1171 	924
f 1184 	1070 	24
f 1528 	1186 	1174
f 1177 	1188 	1182
f 1182 	1188 	1189
f 1184 	24 	1191
f 1191 	24 	28
f 1528 	1194 	1186
f 434 	1192 	437
f 437 	1192 	616
f 1191 	28 	1199
f 1199 	28 	32
f 1528 	1202 	1194
f 1164 	1162 	1345
f 1233 	1232 	1251
f 1245 	1239 	1251
f 1206 	1217 	1193
f 1196 	1195 	1217
f 1188 	1197 	1189
f 1189 	1197 	1200
f 616 	1192 	623
f 623 	1192 	1204
f 1199 	32 	1173
f 1173 	32 	42
f 1520 	1205 	1202
f 1197 	1207 	1200
f 1200 	1207 	1209
f 322 	384 	1203
f 623 	1204 	631
f 631 	1204 	1211
f 801 	1212 	98
f 98 	800 	801
f 1207 	1213 	1209
f 1209 	1213 	1215
f 322 	1203 	1208
f 1265 	1216 	1210
f 1270 	1206 	1176
f 96 	98 	1218
f 1218 	98 	1212
f 631 	1211 	638
f 638 	1211 	1221
f 1208 	1214 	1198
f 1213 	1219 	1215
f 1215 	1219 	1222
f 956 	951 	975
f 951 	942 	975
f 975 	984 	956
f 961 	956 	984
f 844 	961 	984
f 858 	844 	984
f 942 	934 	975
f 934 	925 	975
f 2050 	975 	925
f 1265 	1223 	1216
f 1214 	1220 	1198
f 95 	96 	1225
f 1225 	96 	1218
f 638 	1221 	646
f 646 	1221 	1227
f 1219 	1226 	1222
f 1222 	1226 	1228
f 1265 	1229 	1223
f 93 	95 	1235
f 1235 	95 	1225
f 1154 	1155 	1226
f 1226 	1155 	1228
f 646 	1227 	656
f 656 	1227 	1240
f 91 	93 	1243
f 1243 	93 	1235
f 1244 	1242 	1311
f 1220 	1224 	1198
f 881 	984 	1019
f 656 	1240 	661
f 661 	1240 	1246
f 1082 	1252 	1825
f 1247 	1242 	1248
f 1248 	1242 	1244
f 1234 	1233 	1251
f 1236 	1234 	1251
f 1237 	1236 	1251
f 1239 	1237 	1251
f 1217 	1245 	1196
f 1195 	1193 	1217
f 1172 	1170 	1206
f 1232 	1230 	1251
f 88 	91 	1250
f 1250 	91 	1243
f 1825 	1822 	1082
f 1266 	1198 	1224
f 1266 	1190 	1198
f 661 	1246 	672
f 672 	1246 	1253
f 903 	897 	1019
f 87 	88 	1257
f 1257 	88 	1250
f 1266 	1187 	1190
f 1224 	1231 	1266
f 1231 	1241 	1266
f 625 	605 	1256
f 630 	606 	605
f 1441 	625 	1256
f 1922 	1258 	1259
f 672 	1253 	679
f 679 	1253 	1260
f 1019 	1026 	999
f 86 	87 	1263
f 1263 	87 	1257
f 1258 	1262 	1259
f 1259 	1262 	1264
f 1241 	1249 	1266
f 1249 	1254 	1266
f 552 	1266 	1254
f 1254 	525 	552
f 679 	1260 	687
f 687 	1260 	1268
f 83 	86 	1269
f 1269 	86 	1263
f 1151 	1238 	1229
f 1822 	1115 	1082
f 1115 	1091 	1086
f 1086 	1082 	1115
f 1115 	1095 	1091
f 1176 	1371 	1261
f 1264 	1262 	1272
f 1272 	1262 	1275
f 687 	1268 	689
f 689 	1268 	1273
f 1004 	999 	1026
f 1011 	1004 	1026
f 750 	1011 	1026
f 1026 	1037 	750
f 757 	750 	1037
f 765 	757 	1037
f 783 	1037 	1049
f 1229 	1274 	1151
f 80 	83 	1279
f 1279 	83 	1269
f 1278 	1277 	1927
f 1265 	1281 	1274
f 689 	1273 	697
f 697 	1273 	1282
f 1179 	1178 	1206
f 1251 	1196 	1245
f 1178 	1176 	1206
f 1176 	1267 	1270
f 1279 	1499 	429
f 429 	80 	1279
f 1265 	1283 	1281
f 697 	1282 	705
f 705 	1282 	1285
f 1265 	1287 	1283
f 1070 	1184 	1061
f 826 	1070 	837
f 1290 	1288 	106
f 106 	1288 	104
f 1403 	1407 	1605
f 1272 	1275 	1702
f 1280 	1284 	1266
f 1276 	1280 	1266
f 1265 	1293 	1287
f 1229 	1265 	1274
f 1285 	1295 	715
f 715 	705 	1285
f 1292 	1187 	1266
f 1286 	1292 	1266
f 1284 	1286 	1266
f 715 	1295 	723
f 723 	1295 	1298
f 1290 	106 	1297
f 1297 	106 	111
f 1119 	1301 	1299
f 1299 	1117 	1119
f 2004 	1303 	1293
f 723 	1298 	729
f 729 	1298 	1306
f 1305 	1304 	1278
f 1278 	1304 	1277
f 1297 	111 	1307
f 1307 	111 	124
f 1296 	1300 	1323
f 2002 	1310 	1303
f 1312 	1311 	1305
f 1305 	1311 	1304
f 729 	1306 	735
f 735 	1306 	1313
f 1995 	1315 	1310
f 1307 	124 	1317
f 1317 	124 	130
f 1312 	1244 	1311
f 735 	1313 	742
f 742 	1313 	1320
f 1993 	1319 	1315
f 1460 	1294 	1309
f 987 	986 	1299
f 1299 	1301 	987
f 1302 	1308 	1318
f 130 	147 	1317
f 1317 	147 	1324
f 742 	1320 	1335
f 1460 	1316 	1321
f 1460 	1309 	1316
f 1318 	1322 	1302
f 799 	1329 	1431
f 147 	170 	1324
f 1324 	170 	1331
f 1293 	1265 	2004
f 1979 	1868 	1863
f 1327 	1328 	1333
f 1333 	1328 	1334
f 764 	742 	1335
f 1761 	1325 	1332
f 1388 	1332 	1336
f 170 	177 	1331
f 1331 	177 	1339
f 1333 	1334 	1340
f 1340 	1334 	1341
f 1322 	1323 	1300
f 1300 	1302 	1322
f 764 	1335 	770
f 770 	1335 	1342
f 1340 	1341 	1346
f 1346 	1341 	1347
f 770 	1342 	777
f 777 	1342 	1348
f 1330 	1337 	1357
f 1386 	1326 	1330
f 1339 	177 	1129
f 1346 	1347 	1351
f 1351 	1347 	1352
f 777 	1348 	787
f 787 	1348 	1353
f 1066 	1144 	1345
f 1123 	1345 	1144
f 1388 	1336 	1343
f 1383 	1343 	1350
f 1271 	1276 	1266
f 1357 	1349 	1271
f 1357 	1344 	1349
f 1337 	1344 	1357
f 1350 	1354 	1371
f 1271 	1266 	1357
f 1351 	1352 	1359
f 1359 	1352 	1360
f 1248 	1384 	1247
f 787 	1353 	793
f 793 	1353 	1362
f 1356 	208 	1363
f 1363 	208 	213
f 1358 	1361 	1326
f 1361 	1296 	1323
f 1323 	1326 	1361
f 1354 	1355 	1371
f 1261 	1267 	1176
f 1371 	1355 	1261
f 1363 	213 	1366
f 1366 	213 	219
f 793 	1362 	799
f 799 	1362 	1329
f 1546 	1365 	1367
f 683 	1372 	1370
f 1370 	681 	683
f 805 	1373 	803
f 803 	1373 	1375
f 1366 	219 	1377
f 1377 	219 	222
f 1546 	1369 	1374
f 1546 	1367 	1369
f 1372 	1378 	1370
f 1370 	1378 	1380
f 1378 	1384 	1380
f 1380 	1384 	1385
f 1357 	1379 	1382
f 1377 	222 	1387
f 1387 	222 	233
f 809 	1381 	805
f 805 	1381 	1373
f 1385 	1384 	1248
f 1357 	1382 	1386
f 1357 	1374 	1379
f 1386 	1358 	1326
f 1387 	233 	1389
f 1389 	233 	237
f 1350 	1371 	1383
f 1153 	1394 	1392
f 1392 	1157 	1153
f 803 	1375 	817
f 817 	1375 	1399
f 1546 	1416 	1414
f 1546 	1414 	1397
f 1546 	1397 	1396
f 1392 	1394 	1401
f 1401 	1394 	1402
f 1389 	237 	1400
f 1400 	237 	249
f 1343 	1383 	1388
f 1401 	1402 	1406
f 1406 	1402 	1408
f 1381 	809 	821
f 821 	1405 	1381
f 1390 	1395 	1761
f 1388 	1390 	1761
f 1400 	249 	1288
f 1288 	249 	104
f 1546 	1404 	1409
f 1406 	1408 	1411
f 1411 	1408 	1412
f 822 	1410 	821
f 821 	1410 	1405
f 1618 	1761 	1403
f 1395 	1403 	1761
f 1761 	1321 	1325
f 1388 	1761 	1332
f 1415 	1173 	282
f 282 	1173 	42
f 823 	1418 	822
f 822 	1418 	1410
f 1328 	1327 	1411
f 1411 	1412 	1328
f 1546 	1393 	1398
f 1546 	1409 	1417
f 1546 	1391 	1393
f 1546 	1417 	1416
f 1546 	1396 	1391
f 1184 	1089 	1083
f 1184 	1092 	1089
f 1184 	1100 	1092
f 1191 	1105 	1100
f 1191 	1114 	1105
f 1191 	1118 	1114
f 1199 	1150 	1138
f 1199 	1138 	1118
f 1083 	1061 	1184
f 1612 	1618 	1403
f 1415 	282 	1423
f 1423 	282 	294
f 1424 	1177 	1425
f 1605 	1612 	1403
f 1588 	1595 	1420
f 1407 	1413 	1599
f 1546 	1421 	1404
f 1546 	1422 	1421
f 817 	1399 	728
f 1423 	294 	1428
f 1428 	294 	302
f 1427 	1424 	1429
f 1429 	1424 	1425
f 1468 	1430 	1444
f 1418 	823 	836
f 836 	1431 	1418
f 1330 	1357 	1386
f 1546 	1426 	1365
f 1546 	1419 	1426
f 1546 	1398 	1419
f 1432 	1427 	1433
f 1433 	1427 	1429
f 1428 	302 	1435
f 1435 	302 	310
f 1449 	1444 	1430
f 836 	799 	1431
f 1438 	1432 	1440
f 1440 	1432 	1433
f 1100 	1184 	1191
f 1435 	310 	1442
f 1442 	310 	316
f 1430 	1434 	1449
f 1031 	1445 	849
f 849 	469 	1031
f 1446 	1438 	1447
f 1447 	1438 	1440
f 1445 	1448 	849
f 849 	1448 	855
f 1442 	316 	1450
f 1450 	316 	323
f 1436 	1439 	1546
f 1452 	1446 	1453
f 1453 	1446 	1447
f 1451 	1449 	1434
f 1434 	1441 	1451
f 1255 	1451 	1441
f 1256 	1255 	1441
f 1448 	1454 	855
f 855 	1454 	861
f 1450 	323 	1455
f 1455 	323 	333
f 1552 	1551 	1522
f 1118 	1191 	1199
f 1129 	1150 	1199
f 1578 	1458 	1462
f 1455 	333 	1461
f 1461 	333 	338
f 1689 	1464 	866
f 866 	1133 	1689
f 678 	1459 	1456
f 243 	234 	461
f 1458 	1466 	1462
f 1462 	1466 	1467
f 338 	1484 	1461
f 1321 	1761 	1460
f 1439 	1443 	1546
f 1466 	1469 	1467
f 1467 	1469 	1472
f 1471 	353 	414
f 1610 	1473 	892
f 35 	1376 	1368
f 60 	1368 	1364
f 1473 	1475 	892
f 892 	1475 	899
f 611 	601 	1478
f 1469 	1477 	1472
f 1472 	1477 	1480
f 1022 	353 	1471
f 1477 	1482 	1480
f 1480 	1482 	1483
f 1443 	1465 	1546
f 1475 	1481 	899
f 899 	1481 	904
f 283 	1485 	1478
f 283 	1478 	601
f 361 	1484 	338
f 2018 	1479 	1376
f 1294 	1460 	1463
f 1463 	1468 	1437
f 1463 	1437 	1294
f 1444 	1437 	1468
f 1482 	1486 	1483
f 1483 	1486 	1488
f 1546 	1489 	1492
f 1481 	1490 	904
f 904 	1490 	909
f 1484 	361 	521
f 1490 	1496 	909
f 909 	1496 	918
f 1360 	1502 	1501
f 1501 	1359 	1360
f 1492 	1491 	1546
f 1496 	1507 	918
f 918 	1507 	927
f 701 	1509 	1503
f 709 	1503 	1497
f 1501 	1502 	1510
f 1510 	1502 	1511
f 427 	429 	1512
f 1512 	429 	1499
f 210 	1495 	1549
f 1507 	1514 	927
f 927 	1514 	937
f 1510 	1511 	1516
f 1516 	1511 	1517
f 424 	427 	1518
f 1518 	427 	1512
f 1546 	1526 	1489
f 1491 	1506 	1546
f 1546 	1506 	1504
f 1265 	1205 	1520
f 1265 	1513 	1505
f 1495 	1500 	1549
f 1516 	1517 	1524
f 1524 	1517 	1525
f 1514 	1523 	937
f 937 	1523 	945
f 422 	424 	1527
f 1527 	424 	1518
f 693 	678 	1456
f 1456 	1509 	693
f 1503 	709 	701
f 248 	720 	713
f 1202 	1528 	1520
f 2006 	1265 	1505
f 1551 	1549 	1500
f 421 	422 	1531
f 1531 	422 	1527
f 1520 	1513 	1265
f 1265 	1210 	1205
f 1523 	1530 	945
f 945 	1530 	963
f 1508 	1515 	1551
f 1500 	1508 	1551
f 1546 	1519 	1422
f 1546 	1521 	1519
f 1546 	1504 	1521
f 1465 	1526 	1546
f 1059 	1535 	1534
f 1534 	2038 	1059
f 420 	421 	1536
f 1536 	421 	1531
f 1814 	1540 	1539
f 1530 	1538 	963
f 963 	1538 	966
f 1515 	1522 	1551
f 1534 	1535 	1542
f 1542 	1535 	1543
f 1374 	1357 	1546
f 1538 	1545 	966
f 966 	1545 	969
f 1823 	1539 	1537
f 675 	1547 	1544
f 67 	52 	1474
f 1545 	1548 	969
f 969 	1548 	978
f 1554 	1049 	376
f 72 	67 	1474
f 1522 	1529 	1552
f 1529 	1533 	1552
f 1533 	1541 	1552
f 1553 	1552 	1541
f 710 	617 	1553
f 1553 	1541 	710
f 1474 	1470 	72
f 1539 	1823 	1819
f 1554 	376 	1560
f 1560 	376 	385
f 1556 	1561 	1557
f 1557 	1561 	1564
f 78 	72 	1470
f 659 	1555 	1547
f 1539 	1819 	1817
f 1560 	385 	1567
f 1567 	385 	394
f 1561 	1569 	1564
f 1564 	1569 	1571
f 1470 	835 	78
f 169 	1364 	1573
f 1567 	394 	1575
f 1575 	394 	400
f 1464 	1574 	1006
f 1006 	866 	1464
f 1569 	1576 	1571
f 1571 	1576 	1578
f 835 	94 	78
f 1476 	1474 	52
f 1006 	1574 	1001
f 1001 	1574 	1568
f 133 	90 	76
f 1716 	1558 	1563
f 1716 	1563 	1570
f 1576 	1458 	1578
f 1572 	1562 	1289
f 1289 	1579 	1572
f 1566 	1572 	1579
f 1579 	1149 	1566
f 997 	1581 	1013
f 1570 	1577 	1546
f 1525 	1586 	1585
f 1585 	1524 	1525
f 835 	813 	94
f 52 	43 	1476
f 38 	1532 	1478
f 1532 	611 	1478
f 259 	1493 	1485
f 248 	1497 	1493
f 1581 	1589 	1013
f 1013 	1589 	1016
f 446 	1591 	1587
f 448 	449 	1592
f 1592 	449 	1584
f 1585 	1586 	1593
f 1593 	1586 	1594
f 1589 	1596 	1016
f 1016 	1596 	1023
f 446 	448 	1597
f 1597 	448 	1592
f 1593 	1594 	1598
f 1598 	1594 	1600
f 1139 	449 	1134
f 1587 	1134 	449
f 445 	1614 	1591
f 1291 	1289 	1562
f 445 	446 	1602
f 1602 	446 	1597
f 1596 	1601 	1023
f 1023 	1601 	1030
f 1562 	1588 	1291
f 1598 	1600 	1607
f 1607 	1600 	1609
f 444 	445 	1611
f 1611 	445 	1602
f 1601 	1610 	1030
f 1030 	1610 	1045
f 980 	977 	1619
f 1619 	1614 	980
f 444 	980 	1614
f 1413 	1420 	1595
f 1607 	1609 	1615
f 1615 	1609 	1616
f 2010 	444 	1611
f 1045 	1610 	892
f 113 	122 	719
f 122 	127 	719
f 127 	136 	719
f 719 	747 	113
f 747 	108 	113
f 136 	151 	719
f 442 	456 	733
f 733 	719 	151
f 1595 	1599 	1413
f 1615 	1616 	1620
f 1620 	1616 	1621
f 1420 	1291 	1588
f 517 	420 	1624
f 1624 	420 	1536
f 977 	1604 	1619
f 1604 	1648 	1619
f 1648 	1604 	1603
f 1633 	1656 	1651
f 455 	196 	190
f 1620 	1621 	1626
f 1626 	1621 	1628
f 1546 	1613 	1617
f 1618 	1623 	1761
f 1599 	1605 	1407
f 455 	202 	196
f 781 	1630 	1075
f 506 	517 	1631
f 1631 	517 	1624
f 1656 	1633 	1629
f 1661 	1629 	1010
f 1626 	1628 	1635
f 1635 	1628 	1636
f 1757 	1761 	1634
f 1623 	1627 	1761
f 1622 	1625 	1546
f 1617 	1622 	1546
f 1625 	1608 	1546
f 455 	206 	202
f 190 	818 	834
f 1630 	1637 	1075
f 1075 	1637 	1080
f 1651 	1638 	1633
f 504 	506 	1639
f 1639 	506 	1631
f 1635 	1636 	1640
f 1640 	1636 	1641
f 1634 	1646 	1757
f 1761 	1627 	1634
f 1637 	1643 	1080
f 1080 	1643 	1085
f 493 	504 	1644
f 1644 	504 	1639
f 579 	522 	206
f 577 	535 	532
f 206 	455 	579
f 1641 	1645 	1640
f 1640 	1645 	1647
f 1608 	1606 	1546
f 1606 	1632 	1546
f 1546 	1632 	1436
f 1643 	1649 	1085
f 1085 	1649 	1098
f 1638 	1651 	1648
f 489 	493 	1653
f 1653 	493 	1644
f 1645 	1652 	1647
f 1647 	1652 	1654
f 730 	224 	218
f 1649 	1657 	1098
f 1098 	1657 	1103
f 487 	489 	1660
f 1660 	489 	1653
f 1809 	1757 	1646
f 1629 	1661 	1656
f 1085 	1655 	1659
f 1098 	817 	1655
f 1657 	1662 	1103
f 1103 	1662 	1110
f 1543 	1667 	1666
f 1666 	1542 	1543
f 485 	487 	1668
f 1668 	487 	1660
f 720 	236 	231
f 726 	231 	224
f 810 	1671 	1665
f 1010 	1665 	1661
f 1662 	1670 	1110
f 1110 	1670 	1116
f 1804 	1809 	1650
f 1667 	1672 	1666
f 1666 	1672 	1673
f 484 	485 	1674
f 1674 	485 	1668
f 1670 	1677 	1116
f 1116 	1677 	1121
f 230 	1664 	1669
f 218 	743 	736
f 1672 	1678 	1673
f 1673 	1678 	1679
f 483 	484 	1680
f 1680 	484 	1674
f 810 	1675 	1671
f 1648 	1603 	1638
f 1121 	1677 	1126
f 1126 	1677 	1683
f 1678 	1682 	1679
f 1679 	1682 	1684
f 1590 	1613 	1546
f 1580 	1590 	1546
f 1577 	1580 	1546
f 1716 	1075 	1080
f 1716 	1080 	1663
f 1085 	1659 	1663
f 810 	1685 	1675
f 482 	483 	1687
f 1687 	483 	1680
f 571 	291 	283
f 1493 	259 	248
f 1126 	1683 	1133
f 1133 	1683 	1689
f 1682 	1688 	1684
f 1684 	1688 	1690
f 1676 	1681 	223
f 217 	223 	1681
f 1485 	283 	259
f 1665 	1010 	810
f 810 	1642 	1685
f 1688 	1692 	1690
f 1690 	1692 	1693
f 1681 	1686 	217
f 1557 	1693 	1692
f 1692 	1556 	1557
f 400 	905 	1575
f 1156 	1697 	1032
f 1642 	810 	1694
f 300 	320 	313
f 1700 	1272 	1702
f 1703 	1484 	521
f 291 	556 	544
f 300 	544 	320
f 1243 	1235 	1554
f 1250 	1243 	1554
f 1257 	1250 	1554
f 1554 	1560 	1257
f 1263 	1257 	1560
f 1269 	1263 	1560
f 1279 	1269 	1560
f 1560 	1567 	1279
f 1499 	1279 	1567
f 1512 	1499 	1567
f 1235 	1225 	1554
f 1700 	1702 	1704
f 1704 	1702 	1705
f 810 	1707 	1701
f 1704 	1705 	1708
f 1708 	1705 	1710
f 1695 	1698 	1716
f 521 	1836 	1703
f 291 	571 	556
f 1696 	1699 	1723
f 1135 	1696 	1723
f 810 	1712 	1707
f 1708 	1710 	1858
f 1858 	1710 	1859
f 1725 	1724 	1706
f 1699 	1706 	1724
f 1724 	1723 	1699
f 283 	589 	582
f 652 	654 	1720
f 1720 	654 	1721
f 1158 	1713 	1156
f 1156 	1713 	1697
f 1654 	1652 	1719
f 1698 	1709 	1716
f 1570 	1546 	1716
f 1716 	1709 	1075
f 1663 	1080 	1085
f 1663 	1550 	1716
f 1550 	1558 	1716
f 1159 	1727 	1158
f 1158 	1727 	1713
f 1719 	1726 	1722
f 1722 	1726 	1728
f 283 	601 	595
f 1686 	1691 	217
f 1711 	1717 	1725
f 1706 	1711 	1725
f 1161 	1730 	1159
f 1159 	1730 	1727
f 1726 	1729 	1728
f 1728 	1729 	1732
f 1478 	1476 	38
f 283 	595 	589
f 1737 	1718 	1861
f 1163 	1736 	1161
f 1161 	1736 	1730
f 1861 	1768 	1737
f 1423 	1428 	1307
f 1165 	1739 	1163
f 1163 	1739 	1736
f 650 	652 	1740
f 1740 	652 	1720
f 1453 	1742 	1741
f 1741 	1452 	1453
f 1768 	1765 	1743
f 1701 	1694 	810
f 1166 	1744 	1165
f 1165 	1744 	1739
f 1729 	1745 	1732
f 1732 	1745 	1746
f 544 	300 	291
f 283 	582 	571
f 36 	38 	1476
f 43 	36 	1476
f 572 	627 	1815
f 1765 	1748 	1743
f 1167 	1747 	1166
f 1166 	1747 	1744
f 1745 	1749 	1746
f 1746 	1749 	1750
f 191 	197 	1457
f 1752 	1751 	1735
f 1735 	1738 	1752
f 191 	1457 	1752
f 1759 	1753 	1748
f 649 	650 	1754
f 1754 	650 	1740
f 2279 	1734 	1733
f 2215 	1733 	1731
f 2208 	2194 	1731
f 1568 	1756 	1143
f 1143 	1001 	1568
f 1749 	1755 	1750
f 1750 	1755 	1758
f 1815 	1714 	572
f 882 	657 	643
f 893 	643 	635
f 1143 	1756 	1167
f 1167 	1756 	1747
f 1755 	1762 	1758
f 1758 	1762 	1764
f 1748 	1765 	1759
f 1774 	1856 	1854
f 859 	662 	657
f 648 	649 	1767
f 1767 	649 	1754
f 1695 	1096 	767
f 1764 	1762 	1778
f 1650 	1658 	1804
f 1718 	1712 	1861
f 1352 	673 	662
f 313 	635 	300
f 1771 	1741 	1772
f 1772 	1741 	1742
f 1266 	552 	50
f 2308 	1769 	1763
f 1762 	1775 	1778
f 105 	1777 	1187
f 635 	313 	893
f 647 	648 	1779
f 1779 	648 	1767
f 1856 	1774 	1753
f 1743 	1737 	1768
f 806 	1877 	1874
f 1777 	1780 	1187
f 1187 	1780 	1190
f 73 	1770 	1776
f 1775 	1771 	1778
f 1778 	1771 	1772
f 1780 	26 	1190
f 1190 	26 	1198
f 1760 	1763 	1769
f 882 	859 	657
f 1347 	683 	673
f 56 	68 	1776
f 1787 	1786 	1788
f 1788 	1786 	1789
f 1583 	1790 	1784
f 1805 	1784 	1830
f 1769 	1773 	1760
f 1782 	1785 	1820
f 1787 	1788 	1794
f 1794 	1788 	1795
f 645 	647 	1793
f 1793 	647 	1779
f 685 	1544 	1540
f 1582 	1797 	1790
f 1827 	1537 	1338
f 1785 	1792 	1820
f 724 	108 	747
f 1794 	1795 	1800
f 1800 	1795 	1802
f 1783 	1791 	1760
f 1781 	1783 	1760
f 1773 	1781 	1760
f 382 	1803 	1203
f 1203 	384 	382
f 1790 	1583 	1582
f 1784 	1805 	1583
f 1830 	1338 	1805
f 1203 	1803 	1208
f 1208 	1803 	1806
f 1800 	1802 	1807
f 1807 	1802 	1808
f 235 	1798 	1799
f 644 	645 	1810
f 1810 	645 	1793
f 1208 	1806 	1214
f 1214 	1806 	4
f 724 	747 	738
f 738 	716 	724
f 814 	698 	707
f 841 	762 	698
f 1807 	1808 	1812
f 1812 	1808 	1813
f 1540 	1814 	1811
f 1214 	4 	1220
f 1220 	4 	6
f 1812 	1813 	1816
f 1816 	1813 	1818
f 1539 	1817 	1814
f 1307 	1317 	1423
f 1220 	6 	1224
f 1224 	6 	7
f 1816 	1818 	1821
f 1821 	1818 	1822
f 1224 	7 	1231
f 1231 	7 	13
f 1658 	1664 	1804
f 230 	1799 	1804
f 230 	1804 	1664
f 230 	1669 	1676
f 1646 	1650 	1809
f 627 	644 	1815
f 1815 	644 	1810
f 1317 	1324 	1423
f 1415 	1423 	1324
f 13 	21 	1231
f 1231 	21 	1241
f 1821 	1822 	1824
f 1824 	1822 	1825
f 654 	482 	1721
f 1721 	482 	1687
f 21 	22 	1241
f 1241 	22 	1249
f 1537 	1827 	1826
f 1537 	1826 	1823
f 1824 	1825 	1151
f 22 	25 	1249
f 1249 	25 	1254
f 841 	776 	762
f 711 	716 	738
f 738 	814 	711
f 707 	711 	814
f 665 	846 	1829
f 1829 	846 	1832
f 1254 	25 	525
f 1911 	1831 	1833
f 1338 	1830 	1827
f 50 	247 	1266
f 572 	1714 	846
f 846 	1714 	1832
f 396 	1356 	414
f 867 	786 	776
f 1831 	1834 	1833
f 1833 	1834 	1835
f 873 	1836 	521
f 1356 	1363 	414
f 64 	71 	1271
f 1271 	71 	1276
f 1820 	1828 	39
f 1366 	1377 	414
f 1363 	1366 	414
f 1834 	1837 	1835
f 1835 	1837 	1839
f 1836 	873 	1841
f 1841 	873 	878
f 71 	77 	1276
f 1276 	77 	1280
f 698 	814 	841
f 867 	792 	786
f 1782 	1820 	40
f 39 	40 	1820
f 1002 	1843 	1842
f 692 	700 	1002
f 1377 	1387 	414
f 77 	92 	1280
f 1280 	92 	1284
f 1841 	878 	1848
f 1848 	878 	883
f 1837 	1847 	1839
f 1839 	1847 	1849
f 1850 	1797 	1582
f 92 	102 	1284
f 1284 	102 	1286
f 1387 	1389 	414
f 776 	841 	867
f 1848 	883 	1851
f 1851 	883 	888
f 1849 	1847 	1852
f 1852 	1847 	1853
f 1829 	1851 	888
f 888 	665 	1829
f 102 	105 	1286
f 1286 	105 	1292
f 867 	1486 	792
f 804 	792 	1486
f 48 	56 	1782
f 40 	48 	1782
f 1292 	105 	1187
f 1852 	1853 	1786
f 1786 	1853 	1789
f 414 	1442 	1450
f 1428 	1435 	414
f 1435 	1442 	414
f 1297 	1307 	1428
f 414 	1297 	1428
f 1297 	414 	1290
f 1290 	414 	1288
f 1288 	414 	1400
f 1389 	1400 	414
f 1855 	1575 	905
f 643 	893 	882
f 1776 	1782 	56
f 1719 	1722 	1654
f 1774 	1854 	1850
f 1855 	905 	1857
f 1857 	905 	910
f 117 	126 	1296
f 1296 	126 	1300
f 1199 	1173 	1129
f 126 	129 	1300
f 1300 	129 	1302
f 1753 	1759 	1856
f 1850 	1582 	1774
f 1857 	910 	1860
f 1860 	910 	916
f 1858 	1859 	2045
f 129 	139 	1302
f 1302 	139 	1308
f 1339 	1129 	1173
f 235 	1820 	1798
f 1792 	1798 	1820
f 84 	1751 	1770
f 1776 	68 	73
f 97 	1735 	1751
f 84 	97 	1751
f 1770 	73 	84
f 1860 	916 	1862
f 1862 	916 	926
f 1308 	139 	511
f 810 	1864 	1861
f 1712 	810 	1861
f 1319 	1863 	1865
f 1862 	926 	1866
f 1866 	926 	935
f 1331 	1339 	1415
f 1173 	1415 	1339
f 1314 	555 	153
f 810 	1867 	1864
f 1863 	1868 	1865
f 1865 	1868 	1869
f 1314 	153 	1318
f 1318 	153 	171
f 971 	907 	958
f 958 	907 	1
f 1 	907 	8
f 810 	1871 	1867
f 1866 	935 	1870
f 1870 	935 	944
f 1324 	1331 	1415
f 1318 	171 	1322
f 1322 	171 	183
f 1868 	1872 	1869
f 1869 	1872 	1873
f 114 	109 	748
f 721 	123 	114
f 721 	128 	123
f 721 	138 	128
f 721 	152 	138
f 114 	748 	721
f 1870 	944 	1875
f 1875 	944 	947
f 1024 	986 	979
f 1322 	183 	1323
f 1323 	183 	193
f 810 	1874 	1871
f 1872 	1876 	1873
f 1873 	1876 	1878
f 414 	1450 	1455
f 1323 	193 	1326
f 1326 	193 	201
f 1875 	947 	1879
f 1879 	947 	953
f 806 	1880 	1877
f 1752 	1738 	191
f 1876 	1881 	1878
f 1878 	1881 	1882
f 986 	1015 	1008
f 1903 	1760 	1796
f 1791 	1796 	1760
f 1903 	1796 	1801
f 1900 	1801 	1766
f 1897 	1766 	344
f 1326 	201 	1330
f 1330 	201 	211
f 1881 	1883 	1882
f 1882 	1883 	1884
f 986 	1018 	1015
f 211 	216 	1330
f 1330 	216 	1337
f 1471 	414 	1455
f 1455 	1461 	1471
f 806 	1925 	1880
f 1883 	1886 	1884
f 1884 	1886 	1887
f 1457 	197 	203
f 216 	220 	1337
f 1337 	220 	1344
f 967 	1036 	979
f 406 	419 	592
f 1886 	1890 	1887
f 1887 	1890 	1892
f 220 	227 	1344
f 1344 	227 	1349
f 1908 	1907 	1893
f 203 	210 	1457
f 1549 	1457 	210
f 967 	1051 	1036
f 1024 	1018 	986
f 1271 	1349 	227
f 227 	64 	1271
f 1890 	1895 	1892
f 1892 	1895 	1896
f 1461 	1484 	1471
f 1484 	1703 	1471
f 399 	406 	592
f 967 	1053 	1051
f 1036 	1024 	979
f 1895 	1898 	1896
f 1896 	1898 	1899
f 801 	797 	1049
f 1357 	1266 	247
f 967 	1062 	1053
f 332 	253 	1386
f 1386 	253 	1358
f 1717 	217 	1691
f 1691 	1725 	1717
f 1898 	1901 	1899
f 1899 	1901 	1902
f 253 	261 	1358
f 1358 	261 	1361
f 381 	399 	592
f 1212 	801 	1049
f 967 	971 	1068
f 1296 	1361 	261
f 261 	117 	1296
f 1901 	1906 	1902
f 1902 	1906 	1911
f 592 	1891 	381
f 1218 	1212 	1049
f 1225 	1218 	1049
f 1904 	1953 	1893
f 1954 	1953 	1904
f 1893 	1907 	1905
f 1905 	1904 	1893
f 1909 	1893 	1889
f 1909 	1908 	1893
f 1910 	1909 	1889
f 1889 	1912 	1910
f 1889 	1914 	1912
f 1889 	1915 	1914
f 1838 	1915 	1889
f 1012 	1840 	1838
f 1766 	1897 	1900
f 1906 	1831 	1911
f 1068 	1062 	967
f 958 	1068 	971
f 1799 	230 	235
f 1676 	223 	230
f 289 	296 	1365
f 1365 	296 	1367
f 1903 	1913 	1760
f 1801 	1900 	1903
f 221 	1920 	1921
f 296 	306 	1367
f 1367 	306 	1369
f 1920 	1922 	1921
f 1921 	1922 	1924
f 1916 	1919 	1760
f 1913 	1916 	1760
f 245 	257 	1820
f 235 	245 	1820
f 306 	312 	1369
f 1369 	312 	1374
f 1093 	1109 	1102
f 1049 	1554 	1225
f 1518 	1512 	1567
f 1527 	1518 	1567
f 1531 	1527 	1567
f 1567 	1575 	1531
f 1531 	1575 	1536
f 1924 	1922 	1259
f 281 	290 	1820
f 257 	281 	1820
f 1919 	1923 	1760
f 1888 	1760 	1923
f 1885 	1888 	1923
f 312 	318 	1374
f 1374 	318 	1379
f 806 	1929 	1926
f 1926 	1925 	806
f 1937 	1087 	1093
f 967 	979 	1109
f 1109 	1093 	967
f 318 	324 	1379
f 1379 	324 	1382
f 2178 	1597 	1592
f 2180 	1602 	1597
f 2186 	1611 	1602
f 2186 	2010 	1611
f 596 	604 	1820
f 584 	591 	1820
f 591 	596 	1820
f 1933 	1932 	1957
f 1928 	1278 	1927
f 324 	332 	1382
f 1382 	332 	1386
f 1956 	1945 	1936
f 928 	1124 	1117
f 928 	1117 	919
f 1951 	1934 	49
f 49 	1934 	1935
f 1936 	1933 	1956
f 1917 	1936 	1945
f 778 	1131 	1124
f 347 	348 	1391
f 1391 	348 	1393
f 1934 	1937 	1935
f 1935 	1937 	1938
f 1104 	1938 	1937
f 1937 	1102 	1104
f 884 	898 	641
f 1932 	1929 	1957
f 795 	752 	1131
f 938 	778 	1124
f 928 	938 	1124
f 358 	347 	1391
f 2001 	1948 	23
f 633 	641 	898
f 898 	315 	633
f 1942 	1941 	1940
f 1943 	1942 	1940
f 1944 	1943 	1940
f 1946 	1944 	1940
f 1947 	1946 	1940
f 1940 	1958 	1947
f 348 	362 	1393
f 1393 	362 	1398
f 1653 	1644 	1855
f 1644 	1639 	1855
f 1575 	1855 	1639
f 1660 	1653 	1855
f 1668 	1660 	1855
f 1674 	1668 	1855
f 1680 	1674 	1855
f 1687 	1680 	1855
f 1855 	1857 	1687
f 1639 	1631 	1575
f 1631 	1624 	1575
f 1624 	1536 	1575
f 1948 	1949 	23
f 23 	1949 	27
f 1949 	1950 	27
f 27 	1950 	37
f 315 	539 	299
f 1950 	1951 	37
f 37 	1951 	49
f 1939 	1918 	1917
f 1945 	1939 	1917
f 1957 	1956 	1933
f 1929 	806 	1957
f 1972 	1970 	806
f 806 	802 	1972
f 1396 	358 	1391
f 1247 	1412 	1408
f 1247 	1408 	1402
f 99 	1928 	1952
f 1952 	1928 	1927
f 1973 	1930 	1931
f 1885 	1923 	1973
f 1973 	1931 	1885
f 1904 	1918 	1954
f 357 	358 	1397
f 1397 	358 	1396
f 1981 	179 	159
f 159 	1955 	1981
f 1918 	1939 	1954
f 393 	357 	1397
f 120 	99 	1952
f 604 	613 	1820
f 1820 	613 	1828
f 362 	395 	1398
f 1398 	395 	1419
f 1207 	1197 	1275
f 1961 	164 	145
f 1414 	393 	1397
f 1959 	1958 	1940
f 1960 	1959 	1940
f 1962 	1960 	1940
f 1963 	1962 	1940
f 1964 	1963 	1940
f 1965 	1964 	1940
f 1966 	1965 	1940
f 1968 	1966 	1940
f 1969 	1968 	1940
f 1156 	1969 	1940
f 1940 	1013 	1156
f 1820 	290 	584
f 806 	1970 	1967
f 391 	393 	1416
f 1416 	393 	1414
f 1971 	120 	1952
f 1991 	1994 	2046
f 1994 	1695 	2046
f 1967 	1957 	806
f 120 	1971 	145
f 145 	1971 	1961
f 1197 	1188 	1275
f 574 	584 	290
f 565 	574 	290
f 549 	565 	290
f 290 	299 	549
f 1404 	366 	1409
f 1242 	1226 	1219
f 1275 	1311 	1207
f 1988 	1955 	159
f 390 	391 	1417
f 1417 	391 	1416
f 539 	549 	299
f 299 	633 	315
f 828 	848 	1974
f 1977 	1976 	185
f 185 	1976 	186
f 1930 	1973 	1975
f 366 	378 	1409
f 1714 	1815 	1857
f 2000 	1930 	1975
f 1311 	1242 	1219
f 1154 	1226 	1242
f 1153 	1154 	1242
f 1153 	1242 	1247
f 1378 	1341 	1334
f 378 	390 	1409
f 1409 	390 	1417
f 641 	653 	884
f 862 	884 	653
f 1863 	1982 	1979
f 1975 	1978 	2000
f 395 	415 	1419
f 1419 	415 	1426
f 1984 	164 	1961
f 1863 	1985 	1982
f 653 	660 	862
f 1304 	1262 	1258
f 1978 	1980 	2000
f 401 	402 	1422
f 1422 	402 	1421
f 164 	1984 	166
f 166 	1984 	1988
f 1999 	2000 	1983
f 1922 	1927 	1277
f 1404 	1421 	402
f 402 	366 	1404
f 166 	1988 	159
f 1863 	1987 	1985
f 1983 	1986 	1999
f 1980 	1983 	2000
f 1365 	1426 	415
f 415 	289 	1365
f 1319 	1992 	1990
f 1981 	1977 	179
f 179 	1977 	185
f 1989 	1991 	1997
f 1632 	438 	1436
f 438 	450 	1436
f 1436 	450 	1439
f 1857 	1740 	1720
f 1857 	1754 	1740
f 1857 	1767 	1754
f 1857 	1779 	1767
f 1857 	1793 	1779
f 1857 	1815 	1810
f 1857 	1810 	1793
f 1976 	1996 	186
f 186 	1996 	194
f 2046 	1997 	1991
f 845 	816 	699
f 712 	708 	816
f 816 	708 	699
f 816 	744 	712
f 718 	712 	744
f 725 	718 	744
f 744 	748 	725
f 725 	748 	109
f 1262 	1304 	1311
f 1258 	1277 	1304
f 1275 	1262 	1311
f 1705 	1702 	1446
f 1702 	1275 	1177
f 1188 	1177 	1275
f 1213 	1207 	1311
f 1219 	1213 	1311
f 450 	457 	1439
f 1439 	457 	1443
f 1996 	1998 	194
f 194 	1998 	205
f 1720 	1721 	1857
f 1721 	1687 	1857
f 1315 	1995 	1993
f 919 	1117 	1299
f 1299 	1008 	919
f 1299 	986 	1008
f 1879 	953 	2003
f 2003 	953 	957
f 1998 	2001 	205
f 205 	2001 	212
f 563 	564 	1521
f 1521 	564 	1519
f 1384 	1334 	1328
f 1310 	2002 	1995
f 212 	2001 	23
f 1303 	2004 	2002
f 1265 	2006 	2005
f 546 	548 	1506
f 1506 	548 	1504
f 2020 	2007 	221
f 761 	772 	845
f 699 	761 	845
f 1372 	1347 	1341
f 1384 	1328 	1412
f 985 	2003 	957
f 457 	488 	1443
f 1857 	2008 	1714
f 2008 	1832 	1714
f 1829 	1832 	2008
f 1860 	1862 	2008
f 2007 	1920 	221
f 869 	845 	772
f 980 	444 	2010
f 530 	533 	1492
f 1492 	533 	1491
f 2012 	2011 	239
f 239 	2011 	246
f 772 	785 	869
f 673 	1352 	1347
f 1412 	1247 	1384
f 2005 	2004 	1265
f 2034 	1471 	1703
f 1443 	488 	1465
f 977 	980 	2014
f 2014 	980 	2010
f 2015 	2012 	242
f 242 	2012 	239
f 1347 	1372 	683
f 1505 	2009 	2006
f 2017 	2015 	244
f 244 	2015 	242
f 1498 	2013 	2009
f 785 	796 	869
f 1341 	1378 	1372
f 1703 	1836 	2034
f 244 	255 	2017
f 1334 	1384 	1378
f 830 	1360 	1352
f 526 	530 	1489
f 1489 	530 	1492
f 2019 	2003 	985
f 1479 	2018 	2016
f 1505 	1498 	2009
f 1494 	2016 	2013
f 2011 	2020 	246
f 246 	2020 	260
f 796 	812 	1488
f 1488 	869 	796
f 1829 	2008 	1851
f 2019 	985 	2022
f 2022 	985 	989
f 2023 	2017 	255
f 830 	1502 	1360
f 1352 	662 	859
f 1483 	1488 	838
f 812 	838 	1488
f 2024 	2023 	256
f 256 	2023 	255
f 2022 	989 	2025
f 2025 	989 	996
f 1247 	1394 	1153
f 533 	546 	1491
f 1491 	546 	1506
f 258 	2029 	256
f 256 	2029 	2024
f 2025 	996 	2030
f 2030 	996 	1000
f 1247 	1402 	1394
f 375 	2028 	2027
f 355 	410 	2028
f 2026 	375 	2027
f 2026 	161 	375
f 161 	2026 	2021
f 1351 	862 	660
f 660 	670 	1351
f 1489 	567 	526
f 2030 	1000 	2031
f 2031 	1000 	1005
f 548 	563 	1504
f 1504 	563 	1521
f 1368 	47 	35
f 2031 	1005 	2032
f 2032 	1005 	1010
f 260 	2020 	221
f 1128 	939 	930
f 488 	567 	1465
f 1368 	60 	47
f 1376 	35 	2018
f 2008 	1857 	1860
f 1526 	567 	1489
f 2034 	1022 	1471
f 2029 	258 	265
f 265 	2033 	2029
f 2013 	1498 	1494
f 1021 	1022 	2035
f 2035 	1022 	2034
f 1422 	1519 	564
f 564 	401 	1422
f 268 	2036 	265
f 265 	2036 	2033
f 1862 	1866 	2008
f 908 	962 	1127
f 972 	1071 	962
f 810 	1021 	1731
f 1731 	1021 	2035
f 1465 	567 	1526
f 269 	2037 	268
f 268 	2037 	2036
f 2034 	1848 	1851
f 2034 	2008 	1866
f 1364 	70 	60
f 2016 	1494 	1487
f 1702 	1432 	1438
f 1702 	1427 	1432
f 1702 	1424 	1427
f 1702 	1177 	1424
f 1438 	1446 	1702
f 1741 	1771 	1705
f 270 	2039 	269
f 269 	2039 	2037
f 1851 	2008 	2034
f 1870 	1875 	2034
f 1866 	1870 	2034
f 1546 	597 	1716
f 2040 	1056 	2038
f 2038 	1056 	1059
f 1546 	1357 	597
f 597 	1357 	247
f 271 	2041 	270
f 270 	2041 	2039
f 1573 	1565 	176
f 2016 	1487 	1479
f 1875 	1879 	2034
f 2034 	1879 	2003
f 2042 	1055 	2040
f 2040 	1055 	1056
f 1550 	1663 	603
f 272 	2043 	271
f 271 	2043 	2041
f 2044 	1054 	2042
f 2042 	1054 	1055
f 1517 	1469 	1466
f 272 	1090 	2043
f 914 	1054 	2044
f 2044 	917 	914
f 1997 	1999 	1986
f 1986 	1989 	1997
f 280 	1858 	2045
f 1482 	1477 	1511
f 133 	110 	103
f 169 	76 	70
f 169 	70 	1364
f 280 	2045 	287
f 287 	2045 	2047
f 1836 	1841 	2034
f 1841 	1848 	2034
f 1147 	20 	1145
f 1145 	20 	8
f 133 	103 	90
f 287 	2047 	297
f 297 	2047 	2049
f 1301 	921 	1007
f 1025 	1034 	2048
f 2048 	1034 	2050
f 1148 	19 	1147
f 1147 	19 	20
f 18 	19 	1149
f 1149 	19 	1148
f 830 	1486 	1482
f 1511 	830 	1482
f 1544 	685 	675
f 975 	2050 	1034
f 1034 	970 	975
f 987 	1014 	1017
f 2067 	2051 	305
f 2034 	2003 	2019
f 305 	2051 	309
f 309 	2051 	2053
f 2052 	1069 	1162
f 76 	150 	133
f 907 	908 	1145
f 1145 	8 	907
f 2034 	2019 	2022
f 982 	987 	1027
f 1017 	1027 	987
f 1469 	1517 	1511
f 309 	2053 	1979
f 2035 	2034 	2022
f 2054 	1066 	2052
f 2052 	1066 	1069
f 1027 	1043 	1094
f 1094 	982 	1027
f 1458 	1525 	1517
f 962 	1 	1127
f 2035 	2025 	2030
f 1 	2 	1127
f 1127 	2 	1132
f 2055 	331 	2081
f 2081 	331 	432
f 2054 	2071 	1066
f 2035 	2030 	2031
f 2 	5 	1132
f 1132 	5 	1137
f 1057 	1064 	968
f 968 	1052 	1057
f 2057 	2056 	330
f 330 	2056 	329
f 1137 	5 	1566
f 830 	1511 	1502
f 1352 	859 	830
f 1511 	1477 	1469
f 804 	1486 	830
f 2031 	2032 	1731
f 118 	135 	161
f 110 	133 	135
f 135 	118 	110
f 161 	2021 	118
f 2055 	2057 	331
f 331 	2057 	330
f 1082 	1086 	2058
f 2058 	1086 	2059
f 962 	908 	972
f 972 	968 	1071
f 1064 	1071 	968
f 76 	169 	150
f 2031 	1731 	2035
f 2022 	2025 	2035
f 2056 	2060 	329
f 329 	2060 	335
f 1178 	63 	1176
f 1176 	63 	65
f 1086 	1091 	2059
f 2059 	1091 	2061
f 2060 	2062 	335
f 335 	2062 	341
f 1179 	62 	1178
f 1178 	62 	63
f 1091 	1095 	2061
f 2061 	1095 	2063
f 1565 	1559 	181
f 2062 	2064 	341
f 341 	2064 	345
f 1094 	1090 	1938
f 1935 	1938 	1090
f 1180 	61 	1179
f 1179 	61 	62
f 1101 	1543 	1535
f 1535 	1059 	1107
f 1095 	1099 	2063
f 2063 	1099 	2066
f 1559 	189 	181
f 1573 	176 	169
f 2064 	2065 	345
f 345 	2065 	349
f 59 	61 	1181
f 1181 	61 	1180
f 1938 	1104 	1094
f 1104 	1111 	1094
f 1052 	968 	1094
f 1043 	1052 	1094
f 1094 	1111 	982
f 1559 	200 	189
f 1099 	1101 	2066
f 2066 	1101 	2068
f 2065 	2067 	349
f 349 	2067 	356
f 57 	59 	1183
f 1183 	59 	1181
f 634 	629 	209
f 1594 	1569 	1561
f 1101 	1107 	2068
f 2068 	1107 	2069
f 356 	2067 	305
f 55 	57 	1185
f 1185 	57 	1183
f 629 	215 	209
f 181 	176 	1565
f 2050 	2044 	2042
f 2042 	2040 	2048
f 925 	917 	2050
f 917 	2044 	2050
f 2042 	2048 	2050
f 2040 	2038 	2048
f 1586 	1576 	1569
f 54 	55 	1168
f 1168 	55 	1185
f 2049 	2070 	386
f 386 	297 	2049
f 2048 	2069 	1107
f 1107 	1025 	2048
f 53 	54 	1169
f 1169 	54 	1168
f 930 	1119 	1128
f 386 	2070 	392
f 392 	2070 	2072
f 2071 	1144 	1066
f 608 	226 	215
f 766 	241 	226
f 46 	53 	1170
f 1170 	53 	1169
f 2135 	2071 	2054
f 392 	2072 	398
f 398 	2072 	2074
f 1576 	1586 	1525
f 2073 	1142 	2071
f 2071 	1142 	1144
f 44 	46 	1172
f 1172 	46 	1170
f 1715 	939 	1128
f 1128 	1135 	1715
f 1723 	1715 	1135
f 398 	2074 	404
f 404 	2074 	2075
f 34 	44 	1175
f 1175 	44 	1172
f 1141 	1142 	2076
f 2076 	1142 	2073
f 2075 	2077 	404
f 404 	2077 	412
f 2058 	2059 	2086
f 1201 	34 	1175
f 1140 	1141 	2078
f 2078 	1141 	2076
f 2077 	2079 	412
f 412 	2079 	435
f 1569 	1594 	1586
f 85 	34 	1201
f 1244 	1155 	1157
f 1139 	1140 	2080
f 2080 	1140 	2078
f 2059 	2061 	2086
f 82 	85 	1193
f 1193 	85 	1201
f 1517 	1466 	1458
f 81 	82 	1195
f 1195 	82 	1193
f 2061 	2063 	2086
f 432 	441 	2081
f 79 	81 	1196
f 1196 	81 	1195
f 1688 	1115 	1616
f 1561 	1600 	1594
f 1525 	1458 	1576
f 2079 	2082 	435
f 435 	2082 	443
f 1253 	1246 	758
f 1272 	1182 	1189
f 1692 	1609 	1600
f 1196 	1251 	149
f 149 	79 	1196
f 2083 	1123 	2084
f 2084 	1123 	1134
f 2085 	2081 	441
f 1221 	288 	279
f 146 	149 	1230
f 1230 	149 	1251
f 2086 	2063 	2066
f 1534 	1542 	2068
f 2066 	2068 	1666
f 144 	146 	1232
f 1232 	146 	1230
f 1272 	1189 	1200
f 143 	144 	1233
f 1233 	144 	1232
f 2088 	1824 	1151
f 2082 	2087 	443
f 443 	2087 	454
f 142 	143 	1234
f 1234 	143 	1233
f 1209 	1215 	1312
f 2073 	2071 	2083
f 2088 	1151 	2117
f 1788 	1641 	1636
f 2089 	2085 	452
f 452 	2085 	441
f 141 	142 	1236
f 1236 	142 	1234
f 382 	325 	319
f 2092 	2089 	452
f 140 	141 	1237
f 1237 	141 	1236
f 1789 	1652 	1645
f 2090 	1162 	2091
f 2091 	1162 	1164
f 137 	140 	1239
f 1239 	140 	1237
f 1788 	1789 	1645
f 1401 	1406 	1248
f 1155 	1244 	1228
f 1222 	1228 	1244
f 1215 	1222 	1312
f 454 	2087 	505
f 403 	337 	325
f 1806 	319 	26
f 2076 	2073 	2083
f 2078 	2076 	2083
f 2083 	2084 	2078
f 2090 	2052 	1162
f 462 	2092 	452
f 410 	355 	337
f 1217 	1206 	100
f 100 	112 	1217
f 1099 	1115 	1672
f 2093 	2092 	463
f 463 	2092 	462
f 2091 	1164 	2094
f 2094 	1164 	1174
f 382 	403 	325
f 2028 	375 	355
f 134 	137 	1245
f 1245 	137 	1239
f 464 	2095 	463
f 463 	2095 	2093
f 2135 	2054 	2052
f 1672 	1667 	1099
f 1115 	1678 	1672
f 1535 	1107 	1101
f 1305 	1278 	1259
f 2094 	1174 	2096
f 2096 	1174 	1186
f 337 	403 	410
f 921 	1301 	1119
f 1115 	1682 	1678
f 1667 	1543 	1101
f 112 	134 	1217
f 1217 	134 	1245
f 1186 	1194 	2096
f 2096 	1194 	2097
f 1115 	1688 	1682
f 1255 	175 	1451
f 486 	2098 	2129
f 1609 	1692 	1688
f 1194 	1202 	2097
f 2097 	1202 	2099
f 603 	610 	1550
f 1550 	610 	1558
f 490 	2100 	486
f 486 	2100 	2098
f 1222 	1244 	1312
f 1272 	1200 	1209
f 1209 	1312 	1272
f 1259 	1264 	1305
f 1312 	1305 	1264
f 2155 	2091 	2094
f 610 	615 	1558
f 1558 	615 	1563
f 494 	2101 	490
f 490 	2101 	2100
f 1202 	1205 	2099
f 2099 	1205 	2102
f 2155 	2094 	2096
f 615 	622 	1563
f 1563 	622 	1570
f 496 	2103 	494
f 494 	2103 	2101
f 1119 	930 	921
f 1007 	1014 	987
f 987 	1301 	1007
f 1205 	1210 	2102
f 2102 	1210 	2104
f 1600 	1556 	1692
f 1600 	1561 	1556
f 1688 	1616 	1609
f 1616 	1115 	1621
f 1628 	1621 	1115
f 1636 	1628 	1115
f 622 	628 	1570
f 1570 	628 	1577
f 2155 	2096 	2097
f 497 	2105 	496
f 496 	2105 	2103
f 434 	425 	459
f 466 	1192 	434
f 434 	459 	466
f 279 	1227 	1221
f 758 	753 	1253
f 1204 	466 	304
f 172 	175 	1256
f 1256 	175 	1255
f 1256 	605 	172
f 498 	2106 	497
f 497 	2106 	2105
f 499 	2107 	498
f 498 	2107 	2106
f 1210 	1216 	2104
f 2104 	1216 	2108
f 1385 	1248 	1411
f 1248 	1406 	1411
f 459 	425 	476
f 476 	477 	451
f 500 	2109 	499
f 499 	2109 	2107
f 2099 	2102 	2154
f 2155 	2097 	2099
f 1355 	182 	1261
f 1771 	1775 	1705
f 1216 	1223 	2108
f 2108 	1223 	2110
f 1411 	1327 	1385
f 2120 	2154 	2102
f 501 	2111 	500
f 500 	2111 	2109
f 182 	188 	1261
f 1261 	188 	1267
f 1327 	1333 	1385
f 1223 	1229 	2110
f 2110 	1229 	2112
f 2120 	2102 	2104
f 554 	519 	502
f 153 	502 	139
f 2120 	2104 	2108
f 2118 	2108 	2110
f 2088 	2117 	2112
f 2110 	2112 	2117
f 628 	639 	1577
f 1577 	639 	1580
f 1370 	1380 	1340
f 1333 	1340 	1380
f 1380 	1385 	1333
f 477 	537 	585
f 568 	528 	519
f 1580 	639 	1590
f 2115 	2111 	503
f 503 	2111 	501
f 1229 	1238 	2112
f 2112 	1238 	2113
f 1710 	1745 	1729
f 669 	676 	1608
f 1608 	676 	1606
f 2116 	2115 	505
f 505 	2115 	503
f 838 	862 	1351
f 1673 	2086 	2066
f 1824 	2088 	2114
f 2088 	2113 	2114
f 2112 	2113 	2088
f 2114 	2058 	1824
f 1238 	1252 	2113
f 2113 	1252 	2114
f 1351 	1359 	838
f 639 	655 	1590
f 1710 	1749 	1745
f 2058 	2114 	1252
f 1252 	1082 	2058
f 585 	451 	477
f 451 	459 	476
f 537 	531 	578
f 537 	578 	585
f 528 	568 	578
f 531 	528 	578
f 502 	153 	554
f 519 	554 	568
f 1590 	655 	1613
f 1710 	1755 	1749
f 1346 	1351 	670
f 1340 	1346 	1370
f 681 	1370 	1346
f 670 	681 	1346
f 188 	195 	1267
f 1267 	195 	1270
f 510 	2121 	508
f 508 	2121 	2119
f 1274 	2117 	1151
f 1248 	1244 	1157
f 1710 	1762 	1755
f 1729 	1726 	1710
f 1206 	1270 	195
f 195 	100 	1206
f 512 	2123 	510
f 510 	2123 	2121
f 2117 	1274 	2118
f 2118 	1274 	1281
f 65 	336 	1371
f 2110 	2117 	2118
f 2108 	2118 	2120
f 229 	620 	1289
f 2118 	1281 	2120
f 2120 	1281 	1283
f 513 	2125 	512
f 512 	2125 	2123
f 228 	229 	1291
f 1291 	229 	1289
f 2120 	2122 	2154
f 2120 	1283 	2122
f 2122 	1283 	1287
f 676 	706 	1606
f 1606 	706 	1632
f 515 	2127 	513
f 513 	2127 	2125
f 1157 	1392 	1248
f 2152 	2154 	2122
f 2122 	2124 	2152
f 1420 	228 	1291
f 2122 	1287 	2124
f 2124 	1287 	1293
f 655 	684 	1613
f 516 	2129 	515
f 515 	2129 	2127
f 2124 	1293 	2126
f 2126 	1293 	1303
f 1392 	1401 	1248
f 684 	688 	1613
f 1613 	688 	1617
f 1555 	640 	200
f 209 	200 	634
f 516 	486 	2129
f 417 	234 	1294
f 1294 	1437 	417
f 2124 	2126 	2152
f 2126 	1303 	2128
f 2128 	1303 	1310
f 688 	690 	1617
f 1617 	690 	1622
f 1555 	659 	640
f 640 	634 	200
f 1294 	234 	1309
f 1309 	234 	243
f 2087 	2116 	505
f 2128 	1310 	2130
f 2130 	1310 	1315
f 690 	696 	1622
f 1622 	696 	1625
f 1547 	668 	659
f 215 	629 	621
f 243 	251 	1309
f 1309 	251 	1316
f 552 	2132 	50
f 1547 	675 	668
f 1700 	1447 	1440
f 1700 	1440 	1433
f 1704 	1453 	1447
f 1700 	1433 	1429
f 1700 	1429 	1425
f 1700 	1425 	1182
f 1315 	1319 	2130
f 2130 	1319 	2131
f 1608 	1625 	696
f 696 	669 	1608
f 251 	262 	1316
f 1316 	262 	1321
f 552 	2133 	2132
f 2318 	2319 	2126
f 262 	264 	1321
f 1321 	264 	1325
f 706 	438 	1632
f 2131 	1319 	1865
f 1585 	1593 	1571
f 1571 	1578 	1585
f 2133 	552 	562
f 264 	273 	1325
f 1325 	273 	1332
f 1655 	817 	728
f 1338 	2161 	2134
f 2176 	2247 	2249
f 273 	285 	1332
f 1332 	285 	1336
f 1655 	728 	1659
f 1659 	728 	732
f 2134 	2247 	1338
f 1659 	732 	1663
f 1663 	732 	737
f 285 	293 	1336
f 1336 	293 	1343
f 200 	1559 	1555
f 1540 	1811 	685
f 1528 	1345 	2135
f 508 	2133 	562
f 1524 	1585 	1578
f 1663 	737 	603
f 293 	303 	1343
f 1343 	303 	1350
f 2083 	2135 	1345
f 1345 	1123 	2083
f 717 	695 	692
f 1002 	717 	692
f 508 	2119 	2133
f 2135 	2090 	2091
f 2135 	2052 	2090
f 2135 	2083 	2071
f 303 	311 	1350
f 1350 	311 	1354
f 1716 	597 	789
f 311 	317 	1354
f 1354 	317 	1355
f 1364 	1368 	2136
f 2136 	1368 	2138
f 25 	2137 	525
f 789 	2046 	1716
f 317 	182 	1355
f 717 	886 	695
f 700 	1846 	1002
f 1002 	1846 	1845
f 1002 	1844 	1843
f 838 	1501 	1510
f 2137 	2139 	525
f 525 	2139 	540
f 1368 	1376 	2138
f 2138 	1376 	2140
f 1371 	1176 	65
f 58 	2136 	2138
f 2139 	2141 	540
f 540 	2141 	553
f 1371 	336 	1383
f 1383 	336 	343
f 1376 	1479 	2140
f 2140 	1479 	2142
f 767 	773 	1695
f 1695 	773 	1698
f 2138 	2140 	33
f 1383 	343 	1388
f 1388 	343 	346
f 1467 	1472 	1516
f 1510 	1516 	1472
f 1472 	1480 	1510
f 1480 	1483 	1510
f 838 	1510 	1483
f 1359 	1501 	838
f 773 	781 	1698
f 1698 	781 	1709
f 2141 	2143 	553
f 553 	2143 	561
f 1479 	1487 	2142
f 2142 	1487 	2144
f 1388 	346 	1390
f 1390 	346 	351
f 2069 	2048 	2038
f 1709 	781 	1075
f 739 	877 	868
f 2143 	2145 	561
f 561 	2145 	566
f 2324 	33 	2140
f 1390 	351 	1395
f 1395 	351 	359
f 1487 	1494 	2144
f 2144 	1494 	2146
f 1240 	276 	266
f 806 	810 	1733
f 1733 	810 	1731
f 2145 	2147 	566
f 566 	2147 	573
f 1395 	359 	1403
f 1403 	359 	367
f 2323 	2324 	2142
f 2140 	2142 	2324
f 1494 	1498 	2146
f 2146 	1498 	2148
f 802 	806 	1734
f 1734 	806 	1733
f 367 	371 	1403
f 1403 	371 	1407
f 2038 	1534 	2069
f 2147 	2149 	573
f 573 	2149 	583
f 2142 	2144 	2323
f 1763 	802 	1734
f 1498 	1505 	2148
f 2148 	1505 	2150
f 371 	383 	1407
f 1407 	383 	1413
f 2149 	2151 	583
f 583 	2151 	588
f 383 	389 	1413
f 1413 	389 	1420
f 1505 	1513 	2150
f 2150 	1513 	2152
f 824 	828 	1760
f 1760 	828 	1763
f 2151 	2153 	588
f 588 	2153 	593
f 2322 	2323 	2146
f 2144 	2146 	2323
f 389 	228 	1420
f 266 	254 	766
f 226 	598 	766
f 215 	612 	608
f 226 	608 	598
f 215 	621 	612
f 766 	254 	241
f 766 	758 	266
f 1246 	1240 	758
f 1227 	279 	276
f 1221 	298 	288
f 868 	860 	1285
f 1598 	1557 	1564
f 1513 	1520 	2152
f 2152 	1520 	2154
f 828 	802 	1763
f 1282 	1273 	745
f 2095 	464 	593
f 593 	2153 	2095
f 2126 	2128 	2317
f 2321 	2322 	2148
f 1520 	1528 	2154
f 2154 	1528 	2155
f 2156 	172 	605
f 1444 	417 	1437
f 2317 	2318 	2126
f 2099 	2154 	2155
f 2091 	2155 	2135
f 2157 	2156 	606
f 606 	2156 	605
f 1564 	1571 	1593
f 1444 	428 	417
f 1766 	840 	344
f 2155 	1528 	2135
f 2158 	2157 	607
f 607 	2157 	606
f 2174 	2158 	607
f 2160 	1539 	2159
f 2159 	1539 	1540
f 428 	1444 	440
f 440 	1444 	1449
f 2134 	2161 	2261
f 439 	440 	1451
f 1451 	440 	1449
f 1769 	848 	1773
f 1773 	848 	857
f 1295 	815 	807
f 2161 	1537 	2160
f 2160 	1537 	1539
f 1516 	1524 	1462
f 1462 	1467 	1516
f 175 	439 	1451
f 2165 	2163 	618
f 618 	2163 	617
f 2260 	2261 	2161
f 1773 	857 	1781
f 1781 	857 	863
f 1537 	2161 	1338
f 2166 	2165 	619
f 619 	2165 	618
f 2159 	1540 	2162
f 2162 	1540 	1544
f 1285 	1282 	739
f 1295 	839 	825
f 1578 	1462 	1524
f 2179 	2166 	619
f 1430 	407 	1434
f 1434 	407 	416
f 2257 	2258 	2160
f 2162 	1544 	2164
f 2164 	1544 	1547
f 1434 	416 	1441
f 1441 	416 	423
f 2169 	625 	423
f 1693 	1598 	1607
f 1762 	1710 	1705
f 1705 	1775 	1762
f 1452 	1741 	1705
f 1446 	1452 	1705
f 1547 	1555 	2164
f 2164 	1555 	2167
f 2159 	2162 	74
f 745 	739 	1282
f 625 	2169 	630
f 630 	2169 	2171
f 1441 	423 	625
f 630 	2171 	636
f 636 	2171 	2173
f 734 	784 	877
f 41 	51 	2164
f 51 	66 	2164
f 1555 	1559 	2167
f 2167 	1559 	2168
f 1457 	455 	1752
f 1752 	455 	834
f 784 	695 	877
f 1559 	1565 	2168
f 2168 	1565 	2170
f 180 	2168 	2170
f 1457 	1549 	455
f 691 	2174 	607
f 2086 	1626 	1635
f 1565 	1573 	2170
f 2170 	1573 	2172
f 2175 	2174 	694
f 694 	2174 	691
f 1794 	1800 	1635
f 461 	470 	1460
f 1460 	470 	1463
f 2233 	2175 	850
f 850 	2175 	694
f 1115 	1813 	1808
f 2136 	2172 	1573
f 1573 	1364 	2136
f 470 	473 	1463
f 1463 	473 	1468
f 2080 	2078 	2084
f 664 	2179 	619
f 2080 	1584 	449
f 449 	1139 	2080
f 695 	886 	877
f 739 	734 	877
f 739 	868 	1285
f 266 	758 	1240
f 1273 	1268 	746
f 2254 	1298 	1295
f 1584 	2084 	2178
f 1115 	1822 	1818
f 1430 	1468 	473
f 473 	407 	1430
f 2176 	1583 	2247
f 2181 	2179 	666
f 666 	2179 	664
f 2068 	1542 	1666
f 1549 	579 	455
f 1151 	1825 	1252
f 1582 	1583 	2177
f 2177 	1583 	2176
f 2182 	2181 	667
f 667 	2181 	666
f 1602 	2180 	2186
f 2188 	2014 	2010
f 1597 	2178 	2180
f 2084 	1584 	2080
f 2178 	1592 	1584
f 2068 	2069 	1534
f 1551 	577 	1549
f 1549 	577 	579
f 896 	920 	911
f 1818 	1813 	1115
f 1252 	1238 	1151
f 576 	577 	1552
f 1552 	577 	1551
f 2204 	2182 	667
f 1666 	1673 	2066
f 896 	911 	840
f 2178 	2084 	1587
f 1587 	2084 	1134
f 575 	576 	1553
f 1553 	576 	1552
f 1673 	1679 	2086
f 2173 	2185 	674
f 674 	636 	2173
f 896 	943 	931
f 1710 	1834 	1831
f 2178 	1587 	2180
f 2180 	1587 	1591
f 1684 	1690 	2086
f 1679 	1684 	2086
f 617 	575 	1553
f 674 	2185 	677
f 677 	2185 	2187
f 1719 	1837 	1834
f 2180 	1591 	2186
f 677 	2187 	686
f 686 	2187 	2189
f 1719 	1847 	1837
f 206 	522 	210
f 210 	522 	1495
f 896 	965 	960
f 1603 	1604 	2184
f 2184 	1604 	2183
f 2196 	2184 	2183
f 2183 	2014 	2188
f 2010 	2186 	2188
f 1495 	522 	1500
f 1500 	522 	524
f 1800 	2086 	1635
f 1626 	2086 	1620
f 1620 	2086 	1615
f 1690 	1607 	1615
f 1593 	1598 	1564
f 1693 	1557 	1598
f 1607 	1690 	1693
f 1615 	2086 	1690
f 1604 	977 	2183
f 2183 	977 	2014
f 2163 	575 	617
f 2190 	1731 	2032
f 1500 	524 	1508
f 1508 	524 	527
f 1182 	1272 	1700
f 1264 	1272 	1312
f 2203 	1731 	2190
f 2192 	680 	704
f 1508 	527 	1515
f 1515 	527 	532
f 1171 	988 	983
f 1614 	2186 	1591
f 2203 	2205 	1731
f 2190 	2191 	2200
f 1700 	1704 	1447
f 1515 	532 	1522
f 1522 	532 	535
f 2222 	2192 	829
f 829 	2192 	704
f 2186 	1614 	2188
f 2188 	1614 	1619
f 1171 	901 	976
f 1171 	976 	988
f 1171 	983 	965
f 1789 	1719 	1652
f 1710 	1726 	1719
f 1719 	1834 	1710
f 1719 	1853 	1847
f 1719 	1789 	1853
f 1645 	1641 	1788
f 1795 	1788 	1636
f 1802 	1795 	1636
f 1636 	1115 	1802
f 1802 	1115 	1808
f 1522 	535 	1529
f 1529 	535 	542
f 710 	1541 	2195
f 2195 	1541 	560
f 710 	2195 	714
f 714 	2195 	2197
f 1529 	542 	1533
f 1533 	542 	550
f 2188 	1619 	2196
f 2196 	1619 	1648
f 2183 	2188 	2196
f 714 	2197 	722
f 722 	2197 	2199
f 2190 	2032 	1629
f 1629 	2032 	1010
f 1533 	550 	1541
f 1541 	550 	560
f 1842 	1840 	1012
f 1845 	1844 	1002
f 2193 	2184 	2196
f 722 	2199 	727
f 727 	2199 	2201
f 1629 	1633 	2190
f 2190 	1633 	2191
f 1012 	1002 	1842
f 1838 	1889 	1012
f 2196 	2198 	2193
f 1990 	1863 	1319
f 1149 	1579 	620
f 620 	18 	1149
f 1633 	1638 	2191
f 2191 	1638 	2193
f 2191 	2193 	2198
f 1579 	1289 	620
f 808 	2204 	667
f 1638 	1603 	2184
f 1732 	1746 	1708
f 1588 	1562 	590
f 2206 	2204 	811
f 811 	2204 	808
f 1548 	1031 	1029
f 2190 	2200 	2202
f 2184 	2193 	1638
f 594 	1566 	5
f 2239 	2206 	811
f 2190 	2202 	2203
f 2198 	2200 	2191
f 1566 	594 	1572
f 1572 	594 	599
f 1746 	1750 	1708
f 1731 	2205 	2207
f 2201 	2209 	751
f 751 	727 	2201
f 1572 	599 	1562
f 1562 	599 	590
f 1750 	1758 	1708
f 1046 	1065 	1130
f 1029 	1046 	1122
f 626 	1588 	590
f 1764 	1704 	1708
f 751 	2209 	754
f 754 	2209 	2210
f 2051 	1876 	1872
f 2207 	2208 	1731
f 1588 	626 	1595
f 1595 	626 	632
f 754 	2210 	759
f 759 	2210 	2211
f 2196 	1648 	2198
f 2198 	1648 	1651
f 1595 	632 	1599
f 1599 	632 	637
f 2045 	1886 	1883
f 1778 	1772 	1704
f 1764 	1778 	1704
f 1708 	1758 	1764
f 1772 	1742 	1704
f 1742 	1453 	1704
f 759 	2211 	768
f 768 	2211 	2213
f 1599 	637 	1605
f 1605 	637 	642
f 2198 	1651 	2200
f 2200 	1651 	1656
f 1895 	1890 	2045
f 2254 	1084 	1079
f 1605 	642 	1612
f 1612 	642 	651
f 1731 	2194 	2212
f 768 	2213 	775
f 775 	2213 	2214
f 2200 	1656 	2202
f 2202 	1656 	1661
f 1859 	1898 	1895
f 1612 	651 	1618
f 1618 	651 	658
f 1084 	2254 	1097
f 1097 	2254 	798
f 1295 	807 	798
f 775 	2214 	780
f 780 	2214 	2216
f 2202 	1661 	2203
f 2203 	1661 	1665
f 1898 	1859 	1710
f 1618 	658 	1623
f 1623 	658 	663
f 2217 	1733 	2215
f 1731 	2212 	2215
f 1635 	1640 	1787
f 780 	2216 	788
f 788 	2216 	2218
f 1710 	1906 	1901
f 1623 	663 	1627
f 1627 	663 	671
f 2203 	1665 	2205
f 2205 	1665 	1671
f 1627 	671 	1634
f 1634 	671 	678
f 2205 	1671 	2207
f 2207 	1671 	1675
f 1065 	1073 	1136
f 693 	1646 	1634
f 1634 	678 	693
f 2217 	2219 	1733
f 1710 	1831 	1906
f 1710 	1901 	1898
f 2207 	1675 	2208
f 2208 	1675 	1685
f 1073 	1146 	1136
f 2224 	2222 	831
f 831 	2222 	829
f 1733 	2219 	2220
f 2086 	1807 	1812
f 1112 	1152 	1146
f 1046 	1130 	1122
f 2208 	1685 	2194
f 2194 	1685 	1642
f 1646 	693 	1650
f 1650 	693 	701
f 1733 	2220 	2275
f 2226 	2224 	832
f 832 	2224 	831
f 901 	1160 	1152
f 1136 	1130 	1065
f 2086 	1816 	1821
f 2212 	2194 	1694
f 1694 	2194 	1642
f 1650 	701 	1658
f 1658 	701 	709
f 2227 	2226 	833
f 833 	2226 	832
f 2274 	2275 	2220
f 901 	1171 	1160
f 1658 	709 	1664
f 1664 	709 	713
f 2212 	1694 	2215
f 2229 	2227 	837
f 837 	2227 	833
f 2058 	2086 	1821
f 1821 	1824 	2058
f 1664 	713 	1669
f 1669 	713 	720
f 1774 	1582 	2177
f 1920 	1927 	1922
f 1277 	1258 	1922
f 340 	2229 	837
f 1669 	720 	1676
f 1676 	720 	726
f 2228 	2232 	2272
f 2271 	2272 	2232
f 1774 	2177 	2232
f 1152 	1112 	901
f 1146 	1073 	1112
f 965 	896 	1171
f 1171 	896 	924
f 924 	896 	933
f 933 	896 	941
f 946 	941 	896
f 824 	950 	949
f 726 	730 	1676
f 1676 	730 	1681
f 1708 	1911 	1833
f 2272 	2230 	2228
f 1087 	1937 	1934
f 1701 	2215 	1694
f 2235 	2233 	852
f 852 	2233 	850
f 730 	736 	1681
f 1681 	736 	1686
f 1833 	1835 	1708
f 1093 	1102 	1937
f 2236 	2235 	853
f 853 	2235 	852
f 1781 	863 	1783
f 1783 	863 	871
f 1722 	1708 	1835
f 2215 	1701 	2217
f 2217 	1701 	1707
f 2237 	2236 	854
f 854 	2236 	853
f 736 	743 	1686
f 1686 	743 	1691
f 1835 	1839 	1722
f 1839 	1849 	1722
f 298 	1211 	1204
f 1783 	871 	1791
f 1791 	871 	876
f 2043 	1949 	1948
f 2217 	1707 	2219
f 2219 	1707 	1712
f 408 	2237 	854
f 1725 	1691 	743
f 743 	791 	1725
f 2043 	1950 	1949
f 298 	1221 	1211
f 1791 	876 	1796
f 1796 	876 	880
f 2219 	1712 	2220
f 2220 	1712 	1718
f 1696 	1135 	752
f 2189 	2238 	842
f 842 	686 	2189
f 1950 	2043 	1087
f 1796 	880 	1801
f 1801 	880 	887
f 1696 	752 	1699
f 1699 	752 	755
f 1718 	1737 	2220
f 2220 	1737 	2221
f 2238 	885 	842
f 1699 	755 	1706
f 1706 	755 	760
f 276 	1240 	1227
f 466 	1204 	1192
f 840 	1766 	887
f 887 	1766 	1801
f 1087 	1951 	1950
f 1951 	1087 	1934
f 1706 	760 	1711
f 1711 	760 	769
f 1737 	1743 	2221
f 2221 	1743 	2223
f 1812 	1816 	2086
f 1807 	2086 	1800
f 1787 	1794 	1635
f 1647 	1786 	1787
f 1852 	1786 	1722
f 1849 	1852 	1722
f 1787 	1640 	1647
f 1722 	1728 	1708
f 1708 	1728 	1732
f 1786 	1654 	1722
f 1786 	1647 	1654
f 2240 	2239 	872
f 872 	2239 	870
f 1743 	1748 	2223
f 2223 	1748 	2225
f 912 	915 	1885
f 1885 	915 	1888
f 1711 	769 	1717
f 1717 	769 	779
f 1260 	1253 	753
f 870 	2239 	811
f 1748 	1753 	2225
f 2225 	1753 	2228
f 1760 	1888 	915
f 915 	824 	1760
f 2241 	885 	2238
f 1715 	1723 	778
f 2313 	2314 	2131
f 1753 	1774 	2228
f 2228 	1774 	2232
f 753 	746 	1268
f 1268 	1260 	753
f 1891 	592 	924
f 885 	2241 	891
f 891 	2241 	2242
f 1952 	1927 	1920
f 218 	217 	1717
f 1717 	779 	218
f 1723 	795 	778
f 1891 	924 	1894
f 1894 	924 	933
f 1295 	1285 	860
f 891 	2242 	894
f 894 	2242 	2243
f 2230 	1759 	2231
f 2231 	1759 	1765
f 2007 	1961 	1971
f 1920 	1971 	1952
f 794 	795 	1724
f 1724 	795 	1723
f 1204 	304 	298
f 1894 	933 	1897
f 1897 	933 	941
f 791 	794 	1725
f 1725 	794 	1724
f 894 	2243 	900
f 900 	2243 	2244
f 2007 	1981 	1955
f 2231 	1765 	2234
f 2234 	1765 	1768
f 1869 	1873 	309
f 2309 	1865 	1869
f 860 	851 	1295
f 1897 	941 	1900
f 1900 	941 	946
f 900 	2244 	906
f 906 	2244 	2245
f 309 	2309 	1869
f 1882 	287 	1878
f 847 	839 	1295
f 851 	847 	1295
f 1900 	946 	1903
f 1903 	946 	949
f 906 	2245 	913
f 913 	2245 	2246
f 1752 	834 	1751
f 1751 	834 	835
f 2247 	1805 	1338
f 1903 	949 	1913
f 1913 	949 	950
f 2007 	1984 	1961
f 2007 	1988 	1984
f 2246 	2248 	913
f 913 	2248 	922
f 1583 	1805 	2247
f 798 	2254 	1295
f 1913 	950 	1916
f 1916 	950 	952
f 280 	287 	1884
f 2240 	872 	2248
f 2248 	872 	922
f 94 	813 	1735
f 1887 	1892 	280
f 1916 	952 	1919
f 1919 	952 	955
f 2007 	1955 	1988
f 813 	818 	1735
f 1735 	818 	1738
f 2218 	2250 	929
f 929 	788 	2218
f 2249 	1784 	2251
f 2251 	1784 	1790
f 2254 	1313 	1306
f 2254 	1306 	1298
f 1892 	1896 	280
f 1858 	280 	1896
f 1919 	955 	1923
f 1923 	955 	964
f 1977 	1981 	2007
f 2007 	1976 	1977
f 191 	1738 	818
f 818 	190 	191
f 2251 	1790 	2252
f 2252 	1790 	1797
f 929 	2250 	936
f 936 	2250 	2253
f 2254 	1320 	1313
f 2007 	1996 	1976
f 1896 	1899 	1858
f 2254 	1335 	1320
f 1295 	825 	815
f 746 	745 	1273
f 2000 	973 	1930
f 1456 	1459 	1757
f 1757 	1459 	1761
f 2225 	2228 	2230
f 2230 	2231 	2225
f 2223 	2225 	2231
f 2231 	2234 	2223
f 1460 	1761 	1459
f 1459 	461 	1460
f 74 	1811 	2255
f 1470 	1770 	835
f 2261 	2262 	2134
f 1811 	1814 	2255
f 2255 	1814 	2256
f 973 	974 	1930
f 1930 	974 	1931
f 1770 	1470 	1776
f 1776 	1470 	1474
f 1814 	1817 	2256
f 2256 	1817 	2257
f 2043 	2001 	1998
f 1885 	1931 	974
f 974 	912 	1885
f 2247 	2134 	2262
f 2262 	2249 	2247
f 2249 	2251 	2176
f 1474 	1476 	1776
f 1776 	1476 	1782
f 1817 	1819 	2257
f 2257 	1819 	2258
f 1708 	1858 	1899
f 1899 	1902 	1708
f 1902 	1911 	1708
f 1940 	997 	1013
f 1683 	1342 	1335
f 2043 	1948 	2001
f 1476 	1478 	1782
f 1782 	1478 	1785
f 1819 	1823 	2258
f 2258 	1823 	2259
f 995 	997 	1941
f 1941 	997 	1940
f 2251 	2252 	2177
f 2252 	2270 	2177
f 2177 	2176 	2251
f 1478 	1485 	1785
f 1785 	1485 	1792
f 1823 	1826 	2259
f 2259 	1826 	2260
f 1683 	1353 	1348
f 1335 	2254 	1683
f 994 	995 	1942
f 1942 	995 	1941
f 271 	260 	221
f 179 	271 	221
f 1996 	2007 	2043
f 1826 	1827 	2260
f 2260 	1827 	2261
f 1485 	1493 	1792
f 1792 	1493 	1798
f 993 	994 	1943
f 1943 	994 	1942
f 1493 	1497 	1798
f 1798 	1497 	1799
f 1827 	1830 	2261
f 2261 	1830 	2262
f 1677 	1431 	1329
f 1677 	1329 	1362
f 1971 	1920 	2007
f 2043 	1998 	1996
f 992 	993 	1944
f 1944 	993 	1943
f 1497 	1503 	1799
f 1799 	1503 	1804
f 2162 	2164 	66
f 2262 	1830 	2249
f 2249 	1830 	1784
f 1662 	1373 	1381
f 1662 	1375 	1373
f 120 	221 	1921
f 1921 	1924 	1928
f 1921 	99 	120
f 1921 	1928 	99
f 1278 	1928 	1924
f 1924 	1259 	1278
f 991 	992 	1946
f 1946 	992 	1944
f 1503 	1509 	1804
f 1804 	1509 	1809
f 2020 	2011 	2039
f 2011 	2012 	2039
f 2039 	2041 	2020
f 2263 	1846 	119
f 119 	1846 	700
f 66 	74 	2162
f 1090 	49 	1935
f 1757 	1809 	1509
f 1509 	1456 	1757
f 990 	991 	1947
f 1947 	991 	1946
f 1670 	1662 	1405
f 1662 	1381 	1405
f 1643 	1637 	728
f 2264 	1845 	2263
f 2263 	1845 	1846
f 74 	2255 	2159
f 2037 	2039 	2012
f 2012 	2015 	2037
f 2041 	2043 	2007
f 1770 	1751 	835
f 936 	2253 	156
f 156 	2253 	155
f 2265 	1844 	2264
f 2264 	1844 	1845
f 611 	1532 	613
f 613 	1532 	1828
f 1058 	1973 	1923
f 1410 	1418 	1670
f 1405 	1410 	1670
f 1637 	789 	728
f 1399 	1375 	1657
f 2266 	1843 	2265
f 2265 	1843 	1844
f 1532 	38 	1828
f 1828 	38 	39
f 2023 	2024 	2037
f 2033 	2036 	2037
f 2029 	2033 	2037
f 2024 	2029 	2037
f 2017 	2023 	2037
f 2015 	2017 	2037
f 2007 	2020 	2041
f 1842 	1843 	2267
f 2267 	1843 	2266
f 1947 	1958 	1048
f 1048 	990 	1947
f 1840 	1842 	2268
f 2268 	1842 	2267
f 1047 	1048 	1959
f 1959 	1048 	1958
f 1838 	1840 	2269
f 2269 	1840 	2268
f 1960 	1044 	1959
f 1959 	1044 	1047
f 1915 	1838 	2269
f 2056 	2047 	2045
f 1445 	1464 	1689
f 1962 	1042 	1960
f 1960 	1042 	1044
f 2270 	2252 	1850
f 1850 	2252 	1797
f 1963 	1041 	1962
f 1962 	1041 	1042
f 2270 	1850 	2271
f 2271 	1850 	1854
f 1964 	1039 	1963
f 1963 	1039 	1041
f 2271 	1854 	2272
f 2272 	1854 	1856
f 1965 	1038 	1964
f 1964 	1038 	1039
f 2272 	1856 	2230
f 2230 	1856 	1759
f 1966 	1035 	1965
f 1965 	1035 	1038
f 1454 	1448 	1689
f 1078 	1454 	1689
f 2254 	1078 	1689
f 2254 	1079 	1078
f 1689 	1683 	2254
f 1348 	1342 	1683
f 1362 	1353 	1683
f 1872 	1868 	2053
f 1979 	2053 	1868
f 1863 	1990 	1987
f 1319 	1993 	1992
f 2273 	2234 	1861
f 1861 	2234 	1768
f 1968 	1033 	1966
f 1966 	1033 	1035
f 2273 	1861 	2274
f 2274 	1861 	1864
f 1969 	1032 	1968
f 1968 	1032 	1033
f 2274 	1864 	2275
f 2275 	1864 	1867
f 1969 	1156 	1032
f 1481 	1475 	1568
f 2275 	1867 	2276
f 2276 	1867 	1871
f 2276 	1871 	2277
f 2277 	1871 	1874
f 1568 	1574 	1481
f 2045 	2060 	2056
f 2277 	1874 	2278
f 2278 	1874 	1877
f 1113 	973 	2000
f 1574 	1490 	1481
f 1475 	1473 	1568
f 2278 	1877 	2279
f 2279 	1877 	1880
f 2065 	2064 	2045
f 2279 	1880 	1925
f 1507 	1496 	1574
f 2280 	1915 	2269
f 1881 	2067 	2045
f 1914 	1915 	2281
f 2281 	1915 	2280
f 1923 	964 	1058
f 1912 	1914 	2282
f 2282 	1914 	2281
f 1973 	1058 	1975
f 1975 	1058 	1063
f 1910 	1912 	2283
f 2283 	1912 	2282
f 1975 	1063 	1978
f 1978 	1063 	1067
f 1909 	1910 	2284
f 2284 	1910 	2283
f 2081 	2070 	2049
f 2055 	2049 	2047
f 2062 	2060 	2045
f 2067 	2065 	2045
f 1876 	2051 	2067
f 1872 	2053 	2051
f 2067 	1881 	1876
f 2045 	1883 	1881
f 1890 	1886 	2045
f 2045 	1859 	1895
f 1978 	1067 	1980
f 1980 	1067 	1074
f 1908 	1909 	2285
f 2285 	1909 	2284
f 1574 	1464 	1507
f 1980 	1074 	1983
f 1983 	1074 	1076
f 1907 	1908 	2286
f 2286 	1908 	2285
f 1983 	1076 	1986
f 1986 	1076 	1077
f 1905 	1907 	2287
f 2287 	1907 	2286
f 1545 	1538 	1445
f 1464 	1514 	1507
f 2085 	2072 	2070
f 1986 	1077 	1989
f 1989 	1077 	1081
f 1904 	1905 	2288
f 2288 	1905 	2287
f 2089 	2074 	2072
f 1081 	1088 	1989
f 1989 	1088 	1991
f 2292 	1904 	2288
f 1088 	1096 	1991
f 1991 	1096 	1994
f 1445 	1031 	1548
f 1538 	1530 	1445
f 2289 	431 	1889
f 1889 	431 	1012
f 2092 	2075 	2074
f 2064 	2062 	2045
f 1695 	1994 	1096
f 2289 	1889 	2290
f 2290 	1889 	1893
f 1106 	1108 	1997
f 1997 	1108 	1999
f 2095 	2077 	2075
f 2055 	2081 	2049
f 2047 	2056 	2057
f 1108 	1113 	1999
f 1999 	1113 	2000
f 1917 	1918 	2291
f 2291 	1918 	2292
f 1029 	1122 	1548
f 1548 	1545 	1445
f 1523 	1464 	1445
f 1530 	1523 	1445
f 2047 	2057 	2055
f 2153 	2079 	2077
f 1918 	1904 	2292
f 1744 	1747 	1581
f 1997 	1120 	1106
f 2046 	1120 	1997
f 2293 	2279 	1925
f 2070 	2081 	2085
f 2149 	2082 	2079
f 1120 	2046 	789
f 2293 	1925 	2294
f 2294 	1925 	1926
f 2072 	2085 	2089
f 2074 	2089 	2092
f 2127 	2087 	2082
f 2294 	1926 	2295
f 2295 	1926 	1929
f 2295 	1929 	2296
f 2296 	1929 	1932
f 1596 	1589 	1568
f 1756 	1568 	1589
f 1932 	1933 	2296
f 2296 	1933 	2297
f 2075 	2092 	2093
f 2075 	2093 	2095
f 1933 	1936 	2297
f 2297 	1936 	2298
f 1601 	1596 	1568
f 1917 	2291 	1936
f 1936 	2291 	2298
f 1610 	1601 	1568
f 2299 	1939 	2300
f 2300 	1939 	1945
f 2111 	2115 	2116
f 2111 	2116 	2109
f 2109 	2116 	2107
f 2107 	2116 	2106
f 2106 	2116 	2105
f 2105 	2116 	2103
f 2103 	2116 	2101
f 2101 	2116 	2100
f 2087 	2098 	2100
f 2087 	2129 	2098
f 2301 	2290 	1953
f 1953 	2290 	1893
f 2301 	1953 	2302
f 2302 	1953 	1954
f 2302 	1954 	2299
f 2299 	1954 	1939
f 1945 	1956 	2303
f 2303 	2300 	1945
f 1473 	1610 	1568
f 1496 	1490 	1574
f 1464 	1523 	1514
f 1589 	1581 	1756
f 1747 	1756 	1581
f 1739 	1744 	1581
f 2303 	1956 	2304
f 2304 	1956 	1957
f 2304 	1957 	2305
f 2305 	1957 	1967
f 2082 	2123 	2125
f 2082 	2125 	2127
f 2082 	2145 	2121
f 2127 	2129 	2087
f 2100 	2116 	2087
f 2305 	1967 	2306
f 2306 	1967 	1970
f 2306 	1970 	2307
f 2307 	1970 	1972
f 2132 	2133 	2137
f 2307 	1972 	2308
f 2308 	1972 	1974
f 2308 	1974 	1769
f 1769 	1974 	848
f 2309 	309 	1979
f 2119 	2141 	2139
f 2119 	2139 	2137
f 2137 	25 	2132
f 2309 	1979 	2310
f 2310 	1979 	1982
f 2310 	1982 	2311
f 2311 	1982 	1985
f 2121 	2143 	2141
f 2311 	1985 	2312
f 2312 	1985 	1987
f 2121 	2145 	2143
f 2312 	1987 	2313
f 2313 	1987 	1990
f 1399 	1657 	1649
f 2313 	1990 	2314
f 2314 	1990 	1992
f 2082 	2147 	2145
f 2137 	2133 	2119
f 2314 	1992 	2315
f 2315 	1992 	1993
f 2315 	1993 	2316
f 2316 	1993 	1995
f 2082 	2149 	2147
f 2141 	2119 	2121
f 1995 	2317 	2316
f 2079 	2151 	2149
f 2002 	2317 	1995
f 1431 	1677 	1670
f 2079 	2153 	2151
f 2121 	2123 	2082
f 2317 	2002 	2318
f 2318 	2002 	2004
f 1448 	1445 	1689
f 1362 	1683 	1677
f 2318 	2004 	2319
f 2319 	2004 	2005
f 2077 	2095 	2153
f 1670 	1418 	1431
f 2319 	2005 	2320
f 2320 	2005 	2006
f 2156 	2157 	2171
f 2171 	2169 	2156
f 2169 	423 	172
f 175 	172 	423
f 2320 	2006 	2321
f 2321 	2006 	2009
f 2321 	2009 	2322
f 2322 	2009 	2013
f 2322 	2013 	2323
f 2323 	2013 	2016
f 2195 	575 	2163
f 2323 	2016 	2324
f 2324 	2016 	2018
f 2324 	2018 	33
f 33 	2018 	35
f 2328 	2325 	2021
f 2021 	2026 	2328
f 1736 	1739 	1581
f 1730 	1736 	1581
f 1727 	1730 	1581
f 1713 	1727 	1581
f 1697 	1713 	1581
f 1581 	997 	1697
f 992 	991 	1032
f 991 	990 	1032
f 118 	2021 	2325
f 160 	377 	161
f 161 	377 	375
f 1120 	767 	1096
f 2326 	2028 	410
f 2327 	2027 	2326
f 2326 	2027 	2028
f 2157 	2173 	2171
f 2157 	2158 	2173
f 2026 	2027 	2328
f 2328 	2027 	2327
f 26 	1780 	50
f 7 	26 	50
f 1780 	1777 	50
f 1777 	105 	50
f 2209 	2166 	2179
f 2210 	2179 	2181
f 2211 	2181 	2182
f 1803 	382 	319
f 2255 	2256 	2159
f 2160 	2159 	2256
f 2256 	2257 	2160
f 2175 	2187 	2185
f 26 	4 	1806
f 1806 	1803 	319
f 2233 	2189 	2187
f 2258 	2259 	2160
f 2161 	2160 	2259
f 2259 	2260 	2161
f 2174 	2175 	2185
f 2187 	2175 	2233
f 2174 	2185 	2173
f 2173 	2158 	2174
f 426 	2264 	2263
f 426 	2265 	2264
f 426 	2266 	2265
f 426 	2267 	2266
f 431 	2268 	2267
f 431 	2269 	2268
f 426 	119 	116
f 703 	558 	680
f 2163 	2197 	2195
f 2232 	2177 	2270
f 2163 	2199 	2197
f 2195 	560 	575
f 2270 	2271 	2232
f 2221 	2223 	2234
f 2165 	2201 	2199
f 2234 	2273 	2221
f 2166 	2209 	2201
f 2273 	2274 	2220
f 2220 	2221 	2273
f 2179 	2210 	2209
f 1733 	2275 	2276
f 2181 	2211 	2210
f 1733 	2276 	2277
f 2182 	2213 	2211
f 1733 	2277 	2278
f 2204 	2214 	2213
f 2199 	2163 	2165
f 2204 	2216 	2214
f 2201 	2165 	2166
f 2279 	2293 	1734
f 1733 	2278 	2279
f 2206 	2218 	2216
f 2267 	426 	431
f 2239 	2250 	2218
f 2240 	2253 	2250
f 2216 	2204 	2206
f 2213 	2182 	2204
f 820 	2222 	2224
f 820 	2224 	2226
f 827 	2226 	2227
f 827 	2227 	2229
f 2235 	2238 	2189
f 2289 	2280 	2269
f 2289 	2281 	2280
f 2289 	2282 	2281
f 2289 	2283 	2282
f 2289 	2284 	2283
f 2290 	2285 	2284
f 2290 	2286 	2285
f 2290 	2287 	2286
f 2290 	2288 	2287
f 2302 	2292 	2288
f 2284 	2289 	2290
f 2269 	431 	2289
f 2189 	2233 	2235
f 2238 	2235 	2236
f 328 	2236 	2237
f 2218 	2206 	2239
f 2294 	1734 	2293
f 2236 	2242 	2241
f 2236 	2243 	2242
f 2236 	2241 	2238
f 2294 	2295 	1734
f 2236 	2244 	2243
f 2305 	1734 	2296
f 2295 	2296 	1734
f 155 	2245 	2244
f 2288 	2301 	2302
f 2302 	2299 	2292
f 2306 	2307 	1734
f 2291 	2292 	2299
f 2299 	2300 	2291
f 2303 	2304 	2297
f 2296 	2297 	2304
f 2236 	163 	158
f 2236 	158 	155
f 2288 	2290 	2301
f 155 	2248 	2246
f 155 	2253 	2248
f 2248 	2253 	2240
f 2250 	2239 	2240
f 2298 	2291 	2300
f 2236 	328 	163
f 2300 	2303 	2298
f 2297 	2298 	2303
f 2244 	2236 	155
f 155 	2246 	2245
f 2237 	354 	328
f 2237 	374 	370
f 408 	380 	374
f 2296 	2304 	2305
f 2305 	2306 	1734
f 1734 	2307 	2308
f 1763 	1734 	2308
f 2237 	370 	364
f 2237 	364 	354
f 305 	309 	1873
f 408 	388 	380
f 2309 	2310 	1865
f 2310 	2311 	1865
f 408 	397 	388
f 413 	208 	397
f 2312 	2313 	1865
f 2311 	2312 	1865
f 2131 	1865 	2313
f 374 	2237 	408
f 397 	408 	413
f 323 	316 	413
f 2131 	2314 	2315
f 2130 	2131 	2315
f 2315 	2316 	2130
f 2128 	2130 	2316
f 545 	558 	703
f 536 	545 	703
f 703 	680 	2192
f 703 	741 	536
f 518 	536 	741
f 492 	518 	741
f 741 	479 	492
f 741 	471 	479
f 165 	433 	733
f 433 	442 	733
f 151 	165 	733
f 2316 	2317 	2128
f 2126 	2319 	2152
f 2319 	2320 	2152
f 2150 	2152 	2320
f 741 	733 	456
f 2320 	2321 	2150
f 2148 	2150 	2321
f 456 	471 	741
f 2146 	2148 	2322
f 1040 	763 	771
f 1040 	771 	782
f 1050 	782 	790
f 1050 	790 	800
f 377 	160 	2328
f 160 	2325 	2328
f 2327 	2326 	377
f 2226 	827 	820
f 2222 	820 	703
f 2192 	2222 	703
f 981 	864 	874
f 981 	874 	879
f 1020 	879 	889
f 1009 	749 	1028
f 981 	843 	856
f 981 	856 	864
f 1003 	1009 	1028
f 2136 	58 	69
f 2138 	45 	58
f 2138 	33 	45
f 959 	843 	981
f 167 	174 	2172
f 2172 	2136 	167
f 31 	41 	2167
f 2170 	2172 	174
f 174 	180 	2170
f 2136 	69 	167
f 954 	959 	981
f 981 	970 	954
f 954 	970 	948
f 948 	970 	940
f 940 	970 	932
f 932 	970 	923
f 1034 	914 	923
f 879 	1020 	981
f 148 	167 	75
f 69 	75 	167
f 2164 	2167 	41
f 998 	1003 	1028
f 749 	756 	1040
f 107 	121 	131
f 87 	86 	385
f 1040 	1028 	749
f 160 	131 	121
f 121 	2325 	160
f 2328 	2327 	377
f 131 	132 	107
f 75 	89 	132
f 89 	101 	132
f 86 	83 	385
f 782 	1050 	1040
f 1040 	756 	763
f 1020 	889 	895
f 895 	902 	1020
f 902 	998 	1020
f 1028 	1020 	998
f 2229 	1072 	827
f 1060 	24 	1072
f 1060 	17 	24
f 340 	1060 	1072
f 2229 	340 	1072
f 101 	107 	132
f 42 	32 	1125
f 180 	187 	2168
f 132 	148 	75
f 32 	3 	1125
f 2167 	2168 	199
f 187 	199 	2168
f 31 	2167 	199
f 29 	31 	199
f 614 	624 	214
f 624 	30 	214
f 204 	600 	225
f 225 	238 	204
f 238 	252 	204
f 656 	204 	263
f 275 	278 	646
f 278 	286 	638
f 286 	295 	638
f 1208 	1198 	322
f 322 	334 	384
f 334 	339 	405
f 405 	384 	334
f 339 	365 	411
f 411 	405 	339
f 2326 	411 	365
f 365 	377 	2326
f 480 	430 	460
f 430 	437 	460
f 437 	616 	468
f 631 	638 	295
f 623 	631 	295
f 295 	307 	623
f 623 	307 	468
f 468 	460 	437
f 1314 	1308 	511
f 555 	1314 	511
f 523 	529 	569
f 569 	555 	523
f 511 	523 	555
f 478 	480 	453
f 453 	586 	478
f 541 	478 	586
f 460 	453 	480
f 586 	580 	541
f 534 	541 	580
f 529 	534 	580
f 580 	569 	529
f 1318 	1308 	1314
f 192 	198 	672
f 198 	204 	661
f 661 	672 	198
f 214 	225 	609
f 609 	614 	214
# 4712 faces

 #end of obj_0

